Date_Second, Flow Duration, Total Fwd Packets, Total Backward Packets,Total Length of Fwd Packets, Total Length of Bwd Packets, Fwd Packet Length Max, Fwd Packet Length Min, Fwd Packet Length Mean, Fwd Packet Length Std,Bwd Packet Length Max, Bwd Packet Length Min, Bwd Packet Length Mean, Bwd Packet Length Std,Flow Bytes/s, Flow Packets/s, Flow IAT Mean, Flow IAT Std, Flow IAT Max, Flow IAT Min,Fwd IAT Total, Fwd IAT Mean, Fwd IAT Std, Fwd IAT Max, Fwd IAT Min,Bwd IAT Total, Bwd IAT Mean, Bwd IAT Std, Bwd IAT Max, Bwd IAT Min,Fwd PSH Flags, Bwd PSH Flags, Fwd URG Flags, Bwd URG Flags, Fwd Header Length, Bwd Header Length,Fwd Packets/s, Bwd Packets/s, Min Packet Length, Max Packet Length, Packet Length Mean, Packet Length Std, Packet Length Variance,FIN Flag Count, SYN Flag Count, RST Flag Count, PSH Flag Count, ACK Flag Count, URG Flag Count, CWE Flag Count, ECE Flag Count, Down/Up Ratio, Average Packet Size, Avg Fwd Segment Size, Avg Bwd Segment Size,Label
13:30:30,109879284729,22313,2178,0.0,0.0,0.0,0.0,0.0,0.0,0.0,0.0,0.0,0.0,0.0,,7527647509.222917,10151144879.114195,28541889164.0,10281.0,109879261506.0,8243124273.504267,10396858447.975584,28541879315.0,11464.0,9145068450.0,2558084920.8455987,4386042359.312594,8116428439.0,2367.0,0,0,0,0,359060,38920,1919480939.996862,3961922.0681514232,0.0,0.0,0.0,0.0,0.0,0,0,0,0,2563,0,0,0,170.0,0.0,0.0,0.0,1
13:30:31,414731759563,67874,7162,112.0,0.0,56.0,0.0,6.222222222222224,18.109326669379527,0.0,0.0,0.0,0.0,1.0181269072176757,,28566659189.57567,38703221484.47002,109070131095.0,41123.0,414731680679.0,31280816190.50296,39654041183.75702,109070103352.0,45206.0,32333131483.0,9232203927.126984,15913502532.17476,29396204517.0,9723.0,0,0,0,0,1357480,143240,7482533140.260394,14536664.399160089,0.0,56.0,5.333333333333334,16.844385810510676,141.86666666666667,0,0,0,0,9777,0,0,0,622.0,5.6,6.222222222222222,0.0,1
13:30:32,385882968598,64558,6852,168.0,0.0,84.0,28.0,34.22222222222223,18.109326669379527,0.0,0.0,0.0,0.0,56000001.019559376,,26793926510.296795,36284917458.44429,101946885774.0,38774.0,385882883091.0,29340957010.617542,37177487824.024254,101946851708.0,43742.0,30855425250.0,8979320917.187302,15425364687.963243,28260160972.0,10416.0,0,0,0,0,1291160,137040,7565873014.325907,19264444.736807764,28.0,84.0,32.67478260869565,15.819762773284387,125.18176548089595,0,1,0,0,9716,1,0,0,687.0,46.878787878787875,34.22222222222222,0.0,1
13:30:33,383273082047,64615,6684,2806.0,4650.0,676.0,0.0,104.96296296296299,181.26265557835018,976.0,0.0,122.36842105263152,276.98203874372206,596.3312396960016,,26862038373.70761,36479290310.77863,102076110854.0,39506.0,383273002287.0,29351784672.717987,37349512177.9243,102077348181.0,43078.0,30859742580.0,8885950036.275417,15363120466.464085,28374355976.0,10648.0,0,0,0,0,1292640,134152,7618172642.234964,16920329.689850204,0.0,1004.0,114.36121212121215,244.0401261867324,55891.784055944074,0,0,0,0,9702,0,0,0,601.0,116.17948717948717,104.96296296296295,122.36842105263158,1
13:30:34,379543181630,64266,6744,112.0,0.0,56.0,0.0,6.222222222222224,18.109326669379527,0.0,0.0,0.0,0.0,1.1389539170040397,,26941408993.31588,36472751054.67321,101384988544.0,42190.0,379543102355.0,29412094273.57041,37327788019.140175,101384959483.0,47552.0,30211452175.0,8445726751.429438,14447810871.54346,26823516722.0,10227.0,0,0,0,0,1285320,134880,7583617694.171154,16737320.95247013,0.0,56.0,5.333333333333334,16.844385810510676,141.86666666666667,0,0,0,0,9795,0,0,0,668.0,5.6,6.222222222222222,0.0,1
13:30:35,374807619867,63304,6694,0.0,0.0,0.0,0.0,0.0,0.0,0.0,0.0,0.0,0.0,0.0,,26756181936.82549,36419578260.65415,101846359595.0,38603.0,374807540707.0,29307646539.924763,37335556355.4418,101846330910.0,42291.0,30084256473.0,8416300448.826839,14411607980.239006,26770454983.0,10593.0,0,0,0,0,1266080,133880,7684172922.329211,18423851.679028895,0.0,0.0,0.0,0.0,0.0,0,0,0,0,9686,0,0,0,639.0,0.0,0.0,0.0,1
13:30:36,383227145122,64458,6798,112.0,0.0,56.0,0.0,9.600000000000001,21.97365914679783,0.0,0.0,0.0,0.0,1.141226337444865,,27691536697.086163,37568438007.04575,104015121209.0,40732.0,383227064176.0,30247761740.436028,38475454394.2157,104015090415.0,45109.0,30385730185.0,8598080106.504763,14777887013.29299,27362016581.0,9826.0,0,0,0,0,1289160,135960,7301293891.078782,17103462.485111568,0.0,56.0,7.25506072874494,19.34339612076791,188.50562303193882,0,4,0,0,9754,4,0,0,645.0,7.777777777777779,9.6,0.0,1
13:30:37,371783637365,63084,6676,112.0,0.0,56.0,0.0,6.611111111111113,18.618484049585387,0.0,0.0,0.0,0.0,1.2326931061619506,,26911266206.408466,36534417610.497246,101577852143.0,42409.0,371783552392.0,29407207231.66761,37402953132.51233,101577819142.0,46593.0,29628021940.0,8542074645.936508,14702158989.457405,27050614043.0,9267.0,0,0,0,0,1261680,133520,7363705014.486124,16657021.983172096,0.0,56.0,5.187368421052632,16.581298432708095,138.04818713450294,0,0,0,0,9688,0,0,0,667.0,5.444444444444445,6.611111111111111,0.0,1
13:30:38,352380160116,60856,6368,112.0,0.0,56.0,0.0,6.800000000000002,18.786040706351177,0.0,0.0,0.0,0.0,1.1374865490483845,,25779346222.44589,34980384859.618065,96841847649.0,40696.0,352380077211.0,28159937044.613953,35842061636.224495,96841815146.0,44856.0,28753194603.0,8269724875.9616165,14191920079.176073,26102568848.0,9148.0,0,0,0,0,1217192,127360,7789339442.355826,16191985.776553,0.0,56.0,4.753820033955858,15.82091856119637,126.83614412375024,0,0,0,0,9666,3,2,0,655.0,4.977777777777778,6.8,0.0,1
13:30:39,360859106144,61222,6222,0.0,0.0,0.0,0.0,0.0,0.0,0.0,0.0,0.0,0.0,0.0,,26982482247.770683,36722055908.75858,101161854348.0,39059.0,360859030458.0,29425753159.699375,37594317955.08842,101161826146.0,43776.0,24474754681.0,7218267513.787302,12444675631.103065,22714297101.0,9601.0,0,0,0,0,1224440,124440,7750077378.131083,15900176.805413492,0.0,0.0,0.0,0.0,0.0,0,5,0,0,9599,5,0,0,614.0,0.0,0.0,0.0,1
13:30:40,348979647037,59838,6298,0.0,0.0,0.0,0.0,0.0,0.0,0.0,0.0,0.0,0.0,0.0,,26206393442.83678,35765019723.61236,98728066083.0,39384.0,348979568367.0,28653619872.11684,36652573580.407,98728036354.0,43524.0,26176127837.0,7641662013.546032,13157381788.67109,24075016715.0,10125.0,0,0,0,0,1196760,125960,7834342893.416446,18087146.55372225,0.0,0.0,0.0,0.0,0.0,0,0,0,0,9571,0,0,0,624.0,0.0,0.0,0.0,1
13:30:41,335461369747,57648,6166,0.0,0.0,0.0,0.0,0.0,0.0,0.0,0.0,0.0,0.0,0.0,,25048245160.07396,34031737572.45758,93716644135.0,39507.0,335461288746.0,27408066840.511894,34872123047.15361,93716613936.0,43661.0,24194392511.0,6969687369.9777775,11909819847.63702,21847788016.0,9405.0,0,0,0,0,1152960,123320,7202993317.215432,14730854.966402156,0.0,0.0,0.0,0.0,0.0,0,0,0,0,9087,0,0,0,617.0,0.0,0.0,0.0,1
13:30:42,284731523682,50675,5298,1594.0,2834.0,524.0,0.0,77.81587301587302,154.58805303182055,976.0,0.0,118.08333333333331,275.46970427075,1477.1411433145122,,21588453904.029358,29294113735.155537,80013408652.0,36803.0,284731451327.0,23561705791.837463,30008836118.9859,80013544102.0,40588.0,21145213005.0,6143680112.221532,10564348879.771393,19366655206.0,8260.0,0,0,0,0,1013768,106264,7175770401.413046,15001388.51117179,0.0,1060.0,100.80947996589933,241.68310251010706,46963.88739982949,0,7,0,0,8520,7,0,0,588.0,103.30000000000001,77.81587301587301,118.08333333333331,1
13:30:43,249682117821,45782,4764,56.0,0.0,28.0,28.0,28.0,0.0,0.0,0.0,0.0,0.0,56000000.0,,19325741869.89076,26475158375.61326,72235614812.0,38797.0,249682048125.0,21091196736.67831,27111817299.821754,72235585166.0,42349.0,19284504599.0,5639475494.91746,9750039002.16276,17833548717.0,6923.0,0,0,0,0,915640,95280,7025901241.083447,13744586.222333984,28.0,28.0,28.0,0.0,0.0,0,1,0,0,8215,1,0,0,565.0,42.0,28.0,0.0,1
13:30:44,218417607643,41830,4422,112.0,0.0,56.0,56.0,56.0,0.0,0.0,0.0,0.0,0.0,,,17022369388.791414,23288183187.78791,63443659890.0,36218.0,218417540522.0,18609672185.833847,23873521061.07799,63443629288.0,40865.0,17542682112.0,5042955440.057143,8649636334.565645,15935667931.0,6707.0,0,0,0,0,836600,88440,7081835953.375888,15129421.50157908,56.0,56.0,56.0,0.0,0.0,0,2,0,0,8040,2,0,0,583.0,84.0,56.0,0.0,1
13:30:45,186614669027,37280,3842,168.0,0.0,84.0,56.0,60.0,10.16782254883588,0.0,0.0,0.0,0.0,112000000.53678292,,14789622728.390814,20343685316.863396,55313678869.0,39965.0,186614116655.0,16168182801.978273,20858877738.16706,55313156906.0,43308.0,12793905501.0,3718947009.2349205,6379695748.242701,11671317728.0,6530.0,0,0,0,0,745672,76936,6934945215.780532,14442711.708440104,56.0,84.0,59.294117647058826,9.298956298171,86.47058823529413,0,8,0,0,7669,13,3,0,563.0,87.5,60.0,0.0,1
13:30:46,170939437361,34946,3568,56.0,0.0,28.0,28.0,28.0,0.0,0.0,0.0,0.0,0.0,56000000.0,,13765668096.395224,18906785046.262615,51363037077.0,35289.0,170939374853.0,15010888409.851511,19372980267.243443,51363002585.0,39241.0,11929555577.0,3553991410.1238093,6108615331.623095,11084255596.0,6228.0,0,0,0,0,698920,71360,7007245267.721275,17256075.383628167,28.0,28.0,28.0,0.0,0.0,0,1,0,0,7493,1,0,0,574.0,42.0,28.0,0.0,1
13:30:47,143966877395,30928,3160,112.0,0.0,56.0,28.0,32.666666666666664,10.898985218261323,0.0,0.0,0.0,0.0,56000000.66758442,,11748620018.70527,16029511066.089357,43002935234.0,37221.0,143966817026.0,12735940232.245026,16396208692.660007,43002900032.0,41734.0,8604113792.0,2520831612.177778,4343383450.752356,7965104465.0,5604.0,0,0,0,0,618560,63200,6749732958.057468,14427518.936446302,28.0,56.0,31.733333333333334,9.852241707685955,97.06666666666668,0,1,0,0,7053,1,0,0,599.0,46.0,32.666666666666664,0.0,1
13:30:48,123914733868,28266,2992,112.0,0.0,56.0,56.0,56.0,0.0,0.0,0.0,0.0,0.0,57191489.36170213,,9984239868.830008,13655201079.302269,36924900522.0,34219.0,123914672516.0,10894508990.473553,13997327167.86001,36924862692.0,38164.0,9246105041.0,2650428128.9365077,4547102789.71436,8397236354.0,5375.0,0,0,0,0,565320,59840,6730204244.890556,14368031.41955591,56.0,56.0,56.0,0.0,0.0,0,2,0,0,6810,2,0,0,597.0,84.0,56.0,0.0,1
13:30:49,119178840829,27322,2860,168.0,0.0,84.0,56.0,58.8,8.618218157515296,0.0,0.0,0.0,0.0,,,9900959252.384266,13588972056.172195,36541270279.0,35435.0,119178780994.0,10816322805.594833,13938616601.028793,36541232868.0,38574.0,7361852481.0,2246813175.336508,3888238497.122545,6977919244.0,4520.0,0,0,0,0,546440,57200,6698712782.552727,13802669.777389148,56.0,84.0,58.074074074074076,7.472647177570733,55.84045584045585,0,2,0,0,6724,2,0,0,577.0,86.15384615384616,58.8,0.0,1
13:30:50,99012772765,24642,2452,56.0,0.0,28.0,28.0,28.0,0.0,0.0,0.0,0.0,0.0,56000000.0,,8322109878.471449,11400583574.811895,30523374820.0,38181.0,99012719111.0,9043595034.513313,11672335217.274595,30523339141.0,41504.0,5553422463.0,1623506636.8857143,2796517337.110423,5118090575.0,4642.0,0,0,0,0,492840,49040,6723555224.459105,14768887.222126305,28.0,28.0,28.0,0.0,0.0,0,1,0,0,6601,1,0,0,553.0,42.0,28.0,0.0,1
13:30:51,87196046578,23008,2402,1792.0,0.0,896.0,868.0,871.1111111111111,9.054663334689764,0.0,0.0,0.0,0.0,,,7320369590.05225,10042468433.01735,26828573751.0,36644.0,87195988959.0,8007212655.936564,10313773041.049559,26828533331.0,39998.0,4912842778.0,1450185430.5714285,2500713056.6726837,4562475636.0,4691.0,0,0,0,0,460160,48040,6660691689.221098,14599951.696588911,868.0,896.0,870.4347826086956,8.066913834560852,65.07509881422926,0,1,0,0,6421,1,0,0,583.0,1304.5454545454545,871.1111111111111,0.0,1
13:30:52,73445059587,21338,2310,112.0,0.0,56.0,56.0,56.0,0.0,0.0,0.0,0.0,0.0,112000000.0,,6302627896.824244,8772631886.36732,23376397572.0,35811.0,73445000262.0,6880688427.008385,9000747070.482096,23376356699.0,40540.0,5550967742.0,1657433559.9238095,2869308882.0547614,5219069835.0,3929.0,0,0,0,0,426760,46200,6891669564.941411,15868986.36728275,56.0,56.0,56.0,0.0,0.0,0,2,0,0,6360,2,0,0,612.0,84.0,56.0,0.0,1
13:30:53,68869309665,20960,2191,2046.0,4290.0,581.0,56.0,216.50000000000003,241.9276904372095,1073.0,0.0,476.66666666666674,565.2572423242358,112001156.64084798,,6189498594.521488,8637088522.566738,22491898972.0,35736.0,68864245569.0,6716342965.308128,8842071689.474737,22487182241.0,40998.0,3758516623.0,1051689692.0952381,1814627343.6994045,3401442625.0,4524.0,0,0,0,0,419360,43944,6913814401.007603,14569592.667572407,56.0,1157.0,339.6577540106952,432.2415444829421,178966.9034886682,0,2,0,0,6443,2,0,0,612.0,381.2142857142857,216.5,476.66666666666674,1
13:30:54,55888474924,19492,2012,112.0,0.0,56.0,56.0,56.0,0.0,0.0,0.0,0.0,0.0,112000000.0,,5151140244.343647,7259046785.777819,18848261228.0,37192.0,55888418646.0,5608950682.091582,7449998474.705973,18848220752.0,41624.0,3612806330.0,1037290381.0666666,1797925551.6320288,3322925998.0,3860.0,0,0,0,0,389840,40240,7169308077.454492,15223498.845449414,56.0,56.0,56.0,0.0,0.0,0,2,0,0,6442,2,0,0,593.0,84.0,56.0,0.0,1
13:30:55,51928595710,18744,1858,56.0,0.0,28.0,28.0,28.0,0.0,0.0,0.0,0.0,0.0,56000000.0,,4713592265.460676,6582611799.591146,17102084388.0,34777.0,51928545147.0,5131109942.176776,6738602394.552908,17102047581.0,38914.0,3222055627.0,947596363.5333333,1620551770.2446525,2942498548.0,3375.0,0,0,0,0,374880,37160,7197640429.372662,14183242.828275828,28.0,28.0,28.0,0.0,0.0,0,2,0,0,6282,2,0,0,546.0,42.0,28.0,0.0,1
13:30:56,44836145621,17842,1678,112.0,0.0,56.0,56.0,56.0,0.0,0.0,0.0,0.0,0.0,112000000.0,,4064481335.541088,5655227214.672802,14677165991.0,35819.0,44836098614.0,4407447394.514991,5786777562.396072,14677130625.0,38546.0,2742705421.0,810127591.463492,1386969119.115552,2503053062.0,3058.0,0,0,0,0,356840,33560,7329030317.589116,14724936.508350413,56.0,56.0,56.0,0.0,0.0,0,2,0,0,6212,2,0,0,508.0,84.0,56.0,0.0,1
13:30:57,39213744945,16970,1766,0.0,0.0,0.0,0.0,0.0,0.0,0.0,0.0,0.0,0.0,0.0,,3615119860.5637784,5045218151.060897,13045110401.0,37295.0,39213691414.0,3949703697.069439,5185947580.354365,13045068494.0,40614.0,2152916845.0,610852949.7111112,1047361948.4872875,1933872752.0,3303.0,0,0,0,0,339400,35320,7113055807.488825,16418574.517022878,0.0,0.0,0.0,0.0,0.0,0,0,0,0,6149,0,0,0,588.0,0.0,0.0,0.0,1
13:30:58,34351691271,16424,1697,0.0,0.0,0.0,0.0,0.0,0.0,0.0,0.0,0.0,0.0,0.0,,3174916662.874901,4421165797.209458,11471264159.0,37903.0,34351637184.0,3458223114.3153734,4535276650.303117,11471221186.0,41463.0,1843057788.0,562175391.2,976335190.9454769,1766950727.0,3780.0,0,0,0,0,328504,33976,7319176251.668291,16210492.729171017,0.0,0.0,0.0,0.0,0.0,0,0,0,0,6169,2,2,0,602.0,0.0,0.0,0.0,1
13:30:59,27642640953,15522,1584,112.0,0.0,56.0,56.0,56.0,0.0,0.0,0.0,0.0,0.0,,,2694826832.930095,3736748805.702248,9515481901.0,37184.0,27642586513.0,2903263439.3584414,3821998550.1145744,9515438400.0,41712.0,1535999565.0,448484175.75555557,767709278.6713179,1386794568.0,3246.0,0,0,0,0,310440,31680,7234690185.137349,14671716.76772871,56.0,56.0,56.0,0.0,0.0,0,2,0,0,6139,2,0,0,607.0,84.0,56.0,0.0,1
13:31:00,25361108847,14914,1536,112.0,0.0,56.0,56.0,56.0,0.0,0.0,0.0,0.0,0.0,84000000.0,,2477976832.4415226,3475278754.3067484,8958715749.0,33563.0,25361056120.0,2680105148.316972,3557188521.2379766,8958674103.0,37911.0,940448995.0,295076735.26666665,512737514.49890476,912721099.0,3897.0,0,0,0,0,298280,30720,7272503446.924949,16180512.079268103,56.0,56.0,56.0,0.0,0.0,0,2,0,0,5980,2,0,0,599.0,84.0,56.0,0.0,1
13:31:01,21389716392,14336,1438,56.0,0.0,28.0,28.0,28.0,0.0,0.0,0.0,0.0,0.0,56000000.0,,2092301958.9010127,2895162069.525301,7320046977.0,37645.0,21389664009.0,2254963430.9971585,2963826038.4810104,7320003941.0,40838.0,1140051241.0,345835763.6666667,585878218.1749245,1047078482.0,3490.0,0,0,0,0,286720,28760,7232548211.367751,13609395.269187326,28.0,28.0,28.0,0.0,0.0,0,1,0,0,5929,1,0,0,579.0,42.0,28.0,0.0,1
13:31:02,20155392571,14540,1562,56.0,0.0,28.0,28.0,28.0,0.0,0.0,0.0,0.0,0.0,56000000.0,,1994024666.406375,2827349442.928149,7215170698.0,38373.0,20155337164.0,2171786799.80575,2904653200.1062517,7215125586.0,42267.0,1051958130.0,319890959.0095238,557245451.3306415,1010644581.0,3960.0,0,0,0,0,290800,31240,7401523795.454883,14961698.826259604,28.0,28.0,28.0,0.0,0.0,0,1,0,0,6060,1,0,0,632.0,42.0,28.0,0.0,1
13:31:03,16855319076,14415,1459,2132.0,4290.0,587.0,28.0,201.0,256.67382910116595,1073.0,0.0,476.66666666666674,565.2572423242358,56001063.919928245,,1808210969.1956565,2609578616.303867,6363613982.0,39095.0,16850261603.0,1961006545.1337106,2671847976.2032685,6359530727.0,42693.0,525916515.0,137887586.70119047,234675068.80842033,444716553.0,3515.0,0,0,0,0,288584,29384,7351480404.055583,14082263.460923128,28.0,1101.0,317.3636363636363,427.772808576674,182989.57575757572,0,1,0,0,6158,1,0,0,597.0,345.1428571428572,201.0,476.66666666666674,1
13:31:04,19400510310,14466,1492,112.0,0.0,56.0,56.0,56.0,0.0,0.0,0.0,0.0,0.0,112000000.0,,2052313528.1955862,2978423556.046357,7438223746.0,38605.0,19400455813.0,2252184061.6057496,3077027250.1390095,7438178778.0,42360.0,932050963.0,283467364.40952384,486399635.8458977,868991024.0,3730.0,0,0,0,0,289320,29840,7061878401.954249,13813728.161644533,56.0,56.0,56.0,0.0,0.0,0,2,0,0,6046,2,0,0,605.0,84.0,56.0,0.0,1
13:31:05,13531371341,13754,1336,112.0,0.0,56.0,56.0,56.0,0.0,0.0,0.0,0.0,0.0,2334346.5045592706,,1575880356.2310221,2280504222.4362826,5445453568.0,40409.0,13531320097.0,1685628276.6992786,2326167488.1456027,5445410747.0,44189.0,612505135.0,185588862.6,314776820.83419394,562827975.0,2700.0,0,0,0,0,275080,26720,7375530156.68187,14365319.219531346,56.0,56.0,56.0,0.0,0.0,0,2,0,0,6054,2,0,0,582.0,84.0,56.0,0.0,1
13:31:06,12590508745,13348,1318,56.0,0.0,28.0,28.0,28.0,0.0,0.0,0.0,0.0,0.0,56000000.0,,1395777475.3058696,1973080433.3032122,4792376560.0,37192.0,12590457359.0,1495384298.6594071,2017859369.7404037,4792332252.0,40486.0,337494754.0,107405381.6,185083312.90756732,327512927.0,2813.0,0,0,0,0,266960,26360,7230138155.01165,14462573.672398057,28.0,28.0,28.0,0.0,0.0,0,1,0,0,5894,1,0,0,581.0,42.0,28.0,0.0,1
13:31:07,9622952724,13024,1328,112.0,0.0,56.0,56.0,56.0,0.0,0.0,0.0,0.0,0.0,,,1057486393.7839625,1513279100.9609802,3738345549.0,36586.0,9622899954.0,1154660363.786125,1556069760.6193683,3738300598.0,40486.0,386325588.0,124118330.26666667,213708377.03197628,376052080.0,2848.0,0,0,0,0,260520,26560,7408247500.542035,14306911.88432015,56.0,56.0,56.0,0.0,0.0,0,2,0,0,5910,2,0,0,591.0,84.0,56.0,0.0,1
13:31:08,8573020984,12838,1236,56.0,0.0,28.0,28.0,28.0,0.0,0.0,0.0,0.0,0.0,56000000.0,,966186008.1610334,1357375722.6737235,3307635504.0,38685.0,8572972338.0,1028602576.8359641,1382894213.3751614,3307592923.0,41708.0,225977316.0,52298147.42222223,87556024.59130254,167257870.0,2567.0,0,0,0,0,256760,24720,7287476378.694509,15565232.409267,28.0,28.0,28.0,0.0,0.0,0,1,0,0,5869,1,0,0,566.0,42.0,28.0,0.0,1
13:31:09,8497209646,13078,1301,112.0,0.0,56.0,56.0,56.0,0.0,0.0,0.0,0.0,0.0,,,889726652.4098138,1246296926.1073792,3113942401.0,39505.0,8497157825.0,966879487.3436563,1279210930.4269793,3113897914.0,42407.0,500125277.0,134552741.41904762,229753165.13631594,426747918.0,3262.0,0,0,0,0,261584,26056,7318919997.350336,14683859.965997363,56.0,56.0,56.0,0.0,0.0,0,2,0,0,5981,4,2,0,583.0,84.0,56.0,0.0,1
13:31:10,7364568757,12436,1204,0.0,0.0,0.0,0.0,0.0,0.0,0.0,0.0,0.0,0.0,0.0,,788427512.3943337,1119998940.2392871,2808026645.0,37249.0,7364519713.0,857475598.9468532,1149447982.486872,2807984612.0,40881.0,253974255.0,75580993.80000001,125972686.19574761,220623280.0,2317.0,0,0,0,0,248720,24080,7235508729.143881,14093412.921028195,0.0,0.0,0.0,0.0,0.0,0,0,0,0,5766,0,0,0,553.0,0.0,0.0,0.0,1
13:31:11,6763750079,12364,1186,56.0,0.0,28.0,28.0,28.0,0.0,0.0,0.0,0.0,0.0,56000000.0,,805818286.7786736,1147341779.2754393,2737073240.0,36707.0,6763700779.0,856511190.7563325,1170300728.8129714,2737031019.0,40190.0,324029742.0,87228392.4,145270140.5441992,269523006.0,2536.0,0,0,0,0,247280,23720,7266007777.649407,13353822.65814283,28.0,28.0,28.0,0.0,0.0,0,1,0,0,5777,1,0,0,551.0,42.0,28.0,0.0,1
13:31:12,5896047309,12558,1414,56.0,0.0,28.0,28.0,28.0,0.0,0.0,0.0,0.0,0.0,56000000.0,,741090391.1126926,1095767520.516903,2528380510.0,37788.0,5895989397.0,801135730.628194,1122563031.5589974,2528330587.0,41926.0,201507868.0,67171070.66666666,116339020.84298927,201507800.0,2677.0,0,0,0,0,251160,28280,7260559895.587126,16335516.86866821,28.0,28.0,28.0,0.0,0.0,0,2,0,0,5910,2,0,0,659.0,42.0,28.0,0.0,1
13:31:13,5850094465,12524,1478,3984.0,0.0,1992.0,1992.0,1992.0,0.0,0.0,0.0,0.0,0.0,1776000000.0,,822490070.5616828,1258954171.1234257,2788304870.0,37809.0,5850032660.0,885324866.9204129,1289404745.537231,2788251965.0,42465.0,230961758.0,76989451.33333333,133343877.95995972,230961699.0,3300.0,0,0,0,0,250480,29560,6906121751.544866,18095342.64825358,1992.0,1992.0,1992.0,0.0,0.0,0,0,0,0,5852,0,0,0,697.0,2988.0,1992.0,0.0,1
13:31:14,4359193570,12928,1472,3984.0,0.0,1992.0,1992.0,1992.0,0.0,0.0,0.0,0.0,0.0,1992000000.0,,622644614.2301542,979510706.0725526,2195960050.0,38495.0,4359132552.0,679568731.9625708,1007968093.3793671,2195907702.0,42827.0,247766665.0,73405496.33333334,124323027.84079108,226255391.0,2643.0,0,0,0,0,258560,29440,7406904408.191937,18074811.602258783,1992.0,1992.0,1992.0,0.0,0.0,0,0,0,0,6122,0,0,0,695.0,2988.0,1992.0,0.0,1
13:31:15,3925731941,12412,1426,3984.0,0.0,1992.0,1992.0,1992.0,0.0,0.0,0.0,0.0,0.0,1992000000.0,,548859280.099742,827470408.5176096,1825961524.0,39239.0,3925673384.0,593049727.1702964,848222516.0968308,1825911155.0,44052.0,182638035.0,60881567.66666667,105444138.65324987,182637971.0,3339.0,0,0,0,0,248240,28520,7107700117.688372,17214756.458207563,1992.0,1992.0,1992.0,0.0,0.0,0,0,0,0,5900,0,0,0,682.0,2988.0,1992.0,0.0,1
13:31:16,3275177183,12378,1448,0.0,0.0,0.0,0.0,0.0,0.0,0.0,0.0,0.0,0.0,0.0,,434055593.47099566,637655327.6367658,1430219672.0,39563.0,3275114534.0,468886936.5875902,656997199.1456575,1430165145.0,43315.0,17906494.0,5971175.333333333,10336250.685620926,17906436.0,3520.0,0,0,0,0,247560,28960,7166444620.713289,17332315.695202455,0.0,0.0,0.0,0.0,0.0,0,0,0,0,5936,0,0,0,700.0,0.0,0.0,0.0,1
13:31:17,3193979671,12410,1512,3984.0,0.0,1992.0,1992.0,1992.0,0.0,0.0,0.0,0.0,0.0,2512000000.0,,433569714.69953966,659185685.0688531,1480490948.0,37543.0,3193916808.0,473708251.1053391,681610748.8246943,1480436636.0,42401.0,123718958.0,38465876.66666667,65652377.05402659,116913114.0,3249.0,0,0,0,0,248200,30240,7224462943.34677,19734661.525511272,1992.0,1992.0,1992.0,0.0,0.0,0,0,0,0,5958,0,0,0,727.0,2988.0,1992.0,0.0,1
13:31:18,3101567741,11990,1378,3984.0,0.0,1992.0,1992.0,1992.0,0.0,0.0,0.0,0.0,0.0,2512000000.0,,413361401.82202244,600252641.5793827,1425787906.0,37411.0,3101510090.0,429375966.9194805,607039603.2841905,1425738172.0,42152.0,40090304.0,13366043.333333334,23143886.325289514,40090301.0,3914.0,0,0,0,0,239800,27560,6948535958.934485,17752541.21342491,1992.0,1992.0,1992.0,0.0,0.0,0,0,0,0,5767,0,0,0,675.0,2988.0,1992.0,0.0,1
13:31:19,2945252358,12122,1538,0.0,0.0,0.0,0.0,0.0,0.0,0.0,0.0,0.0,0.0,0.0,,365524626.8519924,529551533.6328184,1256859291.0,35931.0,2945187710.0,398562207.24155843,547044187.076761,1256802529.0,40606.0,3335.0,3281.0,40.129004259046155,3327.0,3257.0,0,0,0,0,242440,30760,7085250189.112295,19063025.855540596,0.0,0.0,0.0,0.0,0.0,0,0,0,0,5843,0,0,0,744.0,0.0,0.0,0.0,1
13:31:20,2095914153,11934,1378,3984.0,0.0,1992.0,1992.0,1992.0,0.0,0.0,0.0,0.0,0.0,1098880000.0,,261026856.4267066,366274859.95402044,860389600.0,37948.0,2095855191.0,279749473.0525252,373950250.0414046,860338437.0,42079.0,48162021.0,16056311.666666666,27804351.51938884,48162011.0,3461.0,0,0,0,0,238680,27560,7055291130.595136,15545334.506367017,1992.0,1992.0,1992.0,0.0,0.0,0,0,0,0,5802,0,0,0,672.0,2988.0,1992.0,0.0,1
13:31:21,1650496360,11620,1410,3984.0,0.0,1992.0,1992.0,1992.0,0.0,0.0,0.0,0.0,0.0,2021333333.3333333,,231480873.991342,344412892.2328302,795205970.0,35320.0,1650436718.0,251828482.25396827,353860968.2090308,795153289.0,39311.0,94369751.0,31458555.000000004,54482644.8437016,94369694.0,2961.0,0,0,0,0,232400,28200,6910242913.302287,19175725.287316516,1992.0,1992.0,1992.0,0.0,0.0,0,0,0,0,5706,0,0,0,691.0,2988.0,1992.0,0.0,1
13:31:22,2039493765,12093,1372,0.0,0.0,0.0,0.0,0.0,0.0,0.0,0.0,0.0,0.0,0.0,,329365473.74906206,481302634.6302603,1019162131.0,39525.0,2039434184.0,334051283.7595238,483496421.7900841,1019110564.0,44618.0,2712.0,2709.3333333333335,1.1547005383792515,2710.0,2708.0,0,0,0,0,241936,27480,7005358638.932407,16138615.71387671,0.0,0.0,0.0,0.0,0.0,0,0,0,0,5885,0,0,0,680.0,0.0,0.0,0.0,1
13:31:23,1620144978,11978,1179,4832.0,2146.0,2416.0,1992.0,2098.0,196.2738611517809,1073.0,0.0,306.57142857142856,523.570389136888,2021333931.413962,,313471973.7415252,497318720.9633017,973689997.0,37680.0,1615089246.0,322851709.64906204,499659728.1047273,968641931.0,42320.0,82476119.0,26659496.666666668,46769100.54552498,82475228.0,2671.0,0,0,0,0,239672,23680,6998557854.787012,14529516.339015417,1992.0,3065.0,2179.125,374.34010827944513,140130.51666666663,0,0,0,0,5815,0,0,0,577.0,3187.6,2098.0,306.57142857142856,1
13:31:24,1973836701,12128,1088,3984.0,0.0,1992.0,1992.0,1992.0,0.0,0.0,0.0,0.0,0.0,1501333333.3333333,,369371537.0743257,597107997.8125948,1199571242.0,36085.0,1973791014.0,385879719.7010989,605000608.4440409,1199531241.0,39444.0,2700.0,2700.0,0.0,2700.0,2700.0,0,0,0,0,242560,21760,7221225726.896308,13261664.181458896,1992.0,1992.0,1992.0,0.0,0.0,0,0,0,0,5853,0,0,0,533.0,2988.0,1992.0,0.0,1
13:31:25,1149698440,12170,1162,3984.0,0.0,1992.0,1992.0,1992.0,0.0,0.0,0.0,0.0,0.0,2021333333.3333333,,234583158.62222221,385131093.4795294,743189699.0,39952.0,1149649630.0,244610508.17777777,390476947.3090446,743147465.0,43548.0,2997.0,2997.0,0.0,2997.0,2997.0,0,0,0,0,243400,23240,7164738858.966584,14209777.554464709,1992.0,1992.0,1992.0,0.0,0.0,0,0,0,0,5919,0,0,0,574.0,2988.0,1992.0,0.0,1
13:31:26,1411079955,11896,1152,0.0,0.0,0.0,0.0,0.0,0.0,0.0,0.0,0.0,0.0,0.0,,296610987.16507936,464847712.13204086,926305347.0,37230.0,1411030124.0,298269792.4507936,465526999.61503863,926262292.0,41206.0,3088.0,3088.0,0.0,3088.0,3088.0,0,0,0,0,237920,23040,7039807141.844421,14114180.95351554,0.0,0.0,0.0,0.0,0.0,0,0,0,0,5798,0,0,0,575.0,0.0,0.0,0.0,1
13:31:27,950732122,11889,1134,4062.0,2034.0,2016.0,1992.0,1999.090909090909,10.241626291312777,976.0,0.0,203.4,407.53982763787775,2512000330.402523,,172251351.06861472,277178784.75589997,578157069.0,37451.0,950683524.0,187302636.6079365,289021807.686584,578927205.0,40731.0,64643292.0,21060619.555555552,36447505.378659755,63440116.0,2647.0,0,0,0,0,237944,22832,7323923755.599138,14414980.88937489,1992.0,2968.0,2088.0,285.13689277090685,81303.0476190476,0,0,0,0,5820,0,0,0,556.0,3088.5714285714284,1999.090909090909,203.4,1
13:31:28,670889083,11506,1211,3984.0,0.0,1992.0,1992.0,1992.0,0.0,0.0,0.0,0.0,0.0,1501333333.3333333,,122282824.0012543,196532595.60465097,391331725.0,35535.0,670836349.0,131370664.3991342,200345441.92052454,391284788.0,39061.0,39643983.0,13216131.0,22887189.467404604,39643981.0,2205.0,0,0,0,0,230144,24256,7026137629.230371,13980018.328542199,1992.0,1992.0,1992.0,0.0,0.0,0,0,0,0,5655,2,2,0,599.0,2988.0,1992.0,0.0,1
13:31:29,793646794,11476,1090,0.0,0.0,0.0,0.0,0.0,0.0,0.0,0.0,0.0,0.0,0.0,,159666867.32063493,242081778.19247508,478917939.0,35483.0,793599701.0,161409661.05079365,242879117.42314968,478876461.0,39068.0,2521.0,2521.0,0.0,2521.0,2521.0,0,0,0,0,229520,21800,7354912711.317733,14693128.518670278,0.0,0.0,0.0,0.0,0.0,0,0,0,0,5664,0,0,0,544.0,0.0,0.0,0.0,1
13:31:30,614411769,11548,1142,3984.0,0.0,1992.0,1992.0,1992.0,0.0,0.0,0.0,0.0,0.0,1501333333.3333333,,94067752.4984127,134382136.8950398,300429377.0,38396.0,614361441.0,98394187.44444445,136953246.41098228,300385554.0,42189.0,2852.0,2852.0,0.0,2852.0,2852.0,0,0,0,0,230960,22840,7276512069.735209,13518932.516570156,1992.0,1992.0,1992.0,0.0,0.0,0,0,0,0,5711,0,0,0,569.0,2988.0,1992.0,0.0,1
13:31:31,691203889,11640,1186,3984.0,0.0,1992.0,1992.0,1992.0,0.0,0.0,0.0,0.0,0.0,1501333333.3333333,,116963713.83321123,189590510.1137029,396389773.0,37549.0,691152217.0,135487457.36305916,204362666.46572822,396345329.0,41542.0,3159.0,3159.0,0.0,3159.0,3159.0,0,0,0,0,232800,23720,7238189800.661962,14369396.219930878,1992.0,1992.0,1992.0,0.0,0.0,0,0,0,0,5763,0,0,0,587.0,2988.0,1992.0,0.0,1
13:31:32,1081089951,11854,1226,5442.0,2146.0,2721.0,2020.0,2195.25,324.49994497027933,1073.0,0.0,306.57142857142856,523.570389136888,2077334042.061739,,234220712.07619047,388530408.9209219,766805222.0,38345.0,1076033456.0,249974789.42222223,397613804.626207,761755981.0,41832.0,5008783.0,837067.0,2043201.0751125056,5007732.0,2724.0,0,0,0,0,237216,24656,7115045843.546671,14136241.427544625,2020.0,3093.0,2241.75,408.1413970672419,166579.4,0,1,0,0,5817,3,2,0,601.0,3266.5333333333333,2195.25,306.57142857142856,1
13:31:33,1110742531,12074,1267,1426.0,2834.0,440.0,0.0,59.41666666666666,120.39822209674848,976.0,0.0,97.72413793103448,253.758869873368,453.5250715260139,,255117133.68388277,419892615.6075709,796420655.0,40312.0,1110688076.0,264963814.21918565,426679604.45003486,797326750.0,44353.0,73031198.0,21549975.654761903,37248000.442273386,65218406.0,2660.0,0,0,0,0,241824,25720,7134246883.765261,17418024.58189753,0.0,976.0,78.8888888888889,201.9729728478696,40793.08176100628,0,0,0,0,5884,0,0,0,613.0,80.37735849056604,59.41666666666666,97.72413793103448,1
13:31:34,980719476,12282,1269,3984.0,0.0,1992.0,1992.0,1992.0,0.0,0.0,0.0,0.0,0.0,1776000000.0,,252064070.19047618,416929005.29718643,775358712.0,41984.0,980278168.0,254877280.3809524,417975009.07119656,774924767.0,45652.0,3259.0,3259.0,0.0,3259.0,3259.0,0,0,0,0,245664,25392,7273431012.923302,15628064.182634259,1992.0,1992.0,1992.0,0.0,0.0,0,0,0,0,5991,2,2,0,634.0,2988.0,1992.0,0.0,1
13:31:35,924640061,12216,1166,3984.0,0.0,1992.0,1992.0,1992.0,0.0,0.0,0.0,0.0,0.0,1776000000.0,,243421315.53333333,416313844.34882677,780438016.0,40137.0,924590974.0,255639301.06666666,427287253.6478481,780395131.0,44045.0,2664.0,2664.0,0.0,2664.0,2664.0,0,0,0,0,244320,23320,7332905780.009893,15798420.13827373,1992.0,1992.0,1992.0,0.0,0.0,0,1,0,0,5977,1,0,0,580.0,2988.0,1992.0,0.0,1
13:31:36,805596011,11924,1168,0.0,0.0,0.0,0.0,0.0,0.0,0.0,0.0,0.0,0.0,0.0,,180556740.93650794,302462749.5041234,594182226.0,39475.0,805547007.0,188598834.784127,309552531.73928475,594139286.0,42925.0,3011.0,3011.0,0.0,3011.0,3011.0,0,0,0,0,238480,23360,7180209247.059618,14972909.27365111,0.0,0.0,0.0,0.0,0.0,0,0,0,0,5856,0,0,0,582.0,0.0,0.0,0.0,1
13:31:37,403059318,11972,1165,3984.0,0.0,1992.0,1992.0,1992.0,0.0,0.0,0.0,0.0,0.0,2512000000.0,,94473768.46349207,154981915.2228372,297436819.0,39855.0,403008807.0,97254638.65714286,156515328.52845752,297393383.0,43688.0,3375.0,3375.0,0.0,3375.0,3375.0,0,0,0,0,239464,23336,7344919227.429162,13903716.346179528,1992.0,1992.0,1992.0,0.0,0.0,0,0,0,0,5896,2,2,0,582.0,2988.0,1992.0,0.0,1
13:31:38,461451480,11992,1180,3984.0,0.0,1992.0,1992.0,1992.0,0.0,0.0,0.0,0.0,0.0,2021333333.3333333,,104548190.87099567,172638420.03451186,328645806.0,39623.0,461400323.0,109515933.34285714,174937045.52255392,328600823.0,43120.0,33717073.0,11240703.0,19465106.538833044,33717072.0,2518.0,0,0,0,0,239840,23600,7295924862.498388,14000901.825632526,1992.0,1992.0,1992.0,0.0,0.0,0,0,0,0,5909,0,0,0,586.0,2988.0,1992.0,0.0,1
13:31:39,305334420,11870,1156,3984.0,0.0,1992.0,1992.0,1992.0,0.0,0.0,0.0,0.0,0.0,763368421.0526316,,77147449.04761904,128062866.9921077,241635727.0,37647.0,305284733.0,77133671.38095237,128035941.53385036,241592236.0,41279.0,3046.0,3046.0,0.0,3046.0,3046.0,0,0,0,0,237400,23120,7347737466.958318,14425719.051427247,1992.0,1992.0,1992.0,0.0,0.0,0,0,0,0,5869,0,0,0,578.0,2988.0,1992.0,0.0,1
13:31:40,243730440,11776,1110,0.0,0.0,0.0,0.0,0.0,0.0,0.0,0.0,0.0,0.0,0.0,,45389658.91428571,71209946.33443525,150854609.0,38626.0,243683065.0,51293161.76190476,76958402.30072209,150814015.0,43119.0,2703.0,2701.6666666666665,0.5773502691896257,2702.0,2701.0,0,0,0,0,235520,22200,7371346903.144684,14914529.328490734,0.0,0.0,0.0,0.0,0.0,0,0,0,0,5855,0,0,0,553.0,0.0,0.0,0.0,1
13:31:41,201375991,11822,1222,3984.0,0.0,1992.0,1992.0,1992.0,0.0,0.0,0.0,0.0,0.0,1002999999.9999999,,47794646.111111104,81649470.88482527,156256397.0,39806.0,201323731.0,50545475.28571428,82907266.8319722,156210626.0,43759.0,3118.0,3118.0,0.0,3118.0,3118.0,0,0,0,0,236440,24440,7103893143.524705,15008790.286223106,1992.0,1992.0,1992.0,0.0,0.0,0,0,0,0,5870,0,0,0,609.0,2988.0,1992.0,0.0,1
13:31:42,393845736,11890,1244,4040.0,0.0,2020.0,2020.0,2020.0,0.0,0.0,0.0,0.0,0.0,767000000.0,,112316238.76190476,190296162.4670053,337239735.0,39442.0,393792059.0,113744474.90476191,190845575.74874625,337192868.0,43781.0,2936.0,2936.0,0.0,2936.0,2936.0,0,0,0,0,237800,24880,7317316751.985786,16606887.173332645,2020.0,2020.0,2020.0,0.0,0.0,0,1,0,0,5881,1,0,0,621.0,3030.0,2020.0,0.0,1
13:31:43,520559074,12206,1217,0.0,0.0,0.0,0.0,0.0,0.0,0.0,0.0,0.0,0.0,0.0,,168588277.05,292570229.94149745,513933771.0,37933.0,520506884.0,168812291.63333333,292739534.68102545,513887874.0,41668.0,2981.0,2981.0,0.0,2981.0,2981.0,0,0,0,0,244168,24376,7410472223.861558,16393233.478601933,0.0,0.0,0.0,0.0,0.0,0,0,0,0,5991,2,2,0,608.0,0.0,0.0,0.0,1
13:31:44,545414772,12066,1222,3984.0,0.0,1992.0,1992.0,1992.0,0.0,0.0,0.0,0.0,0.0,1992000000.0,,153401003.42857143,254982188.7936325,452786383.0,38643.0,545361852.0,153386288.76190475,254953362.12190312,452739885.0,42569.0,2793.0,2793.0,0.0,2793.0,2793.0,0,0,0,0,241320,24440,7329260946.093608,15718264.090228988,1992.0,1992.0,1992.0,0.0,0.0,0,1,0,0,5926,1,0,0,611.0,2988.0,1992.0,0.0,1
13:31:45,428631938,12124,1216,3984.0,0.0,1992.0,1992.0,1992.0,0.0,0.0,0.0,0.0,0.0,2021333333.3333333,,130612041.73333333,230005283.92694613,416543144.0,38079.0,428580002.0,139011005.06666666,238784362.5704462,416497818.0,41688.0,44174493.0,14727109.0,25502180.88694461,44174491.0,3418.0,0,0,0,0,242480,24320,7290410754.03014,16397315.420662122,1992.0,1992.0,1992.0,0.0,0.0,0,1,0,0,5952,1,0,0,607.0,2988.0,1992.0,0.0,1
13:31:46,313766676,12036,1168,3984.0,0.0,1992.0,1992.0,1992.0,0.0,0.0,0.0,0.0,0.0,1501333333.3333333,,103767424.4,179372500.77465847,311707335.0,38006.0,313716395.0,103753693.4,179345315.47592047,311663680.0,42011.0,2951.0,2951.0,0.0,2951.0,2951.0,0,0,0,0,240720,23360,7377014090.197882,16803202.16292512,1992.0,1992.0,1992.0,0.0,0.0,0,0,0,0,5931,0,0,0,584.0,2988.0,1992.0,0.0,1
13:31:47,287694101,11944,1166,0.0,0.0,0.0,0.0,0.0,0.0,0.0,0.0,0.0,0.0,0.0,,90271173.95238096,160155500.03692958,287687080.0,39668.0,287643264.0,95909657.33333333,166045457.9449177,287642437.0,42901.0,29680842.0,9895548.666666668,17134566.64799356,29680842.0,2902.0,0,0,0,0,238880,23320,7351128801.738933,14532632.691159617,0.0,0.0,0.0,0.0,0.0,0,0,0,0,5905,0,0,0,582.0,0.0,0.0,0.0,1
13:31:48,238067107,11896,1200,3984.0,0.0,1992.0,1992.0,1992.0,0.0,0.0,0.0,0.0,0.0,1501333333.3333333,,63855035.13333333,103912192.01031299,194934469.0,39267.0,238016092.0,63840688.13333333,103884615.1248513,194889639.0,42675.0,2812.0,2812.0,0.0,2812.0,2812.0,0,0,0,0,237920,24000,7238263390.314838,15760042.587122811,1992.0,1992.0,1992.0,0.0,0.0,0,0,0,0,5879,0,0,0,600.0,2988.0,1992.0,0.0,1
13:31:49,169471490,11802,1244,3984.0,0.0,1992.0,1992.0,1992.0,0.0,0.0,0.0,0.0,0.0,1256000000.0,,50617153.333333336,87207978.71581322,156565800.0,38533.0,169417659.0,52730324.06666667,89256265.75383286,156518583.0,42105.0,3548.0,3548.0,0.0,3548.0,3548.0,0,0,0,0,236040,24880,7195882777.885745,15956107.088244345,1992.0,1992.0,1992.0,0.0,0.0,0,0,0,0,5843,0,0,0,621.0,2988.0,1992.0,0.0,1
13:31:50,87316792,11594,1080,0.0,0.0,0.0,0.0,0.0,0.0,0.0,0.0,0.0,0.0,0.0,,24292552.933333334,39438975.09105967,70784797.0,38416.0,87270486.0,24279820.266666666,39413845.51969368,70744415.0,42043.0,2833.0,2833.0,0.0,2833.0,2833.0,0,0,0,0,231880,21600,7292380806.115763,13437727.522335645,0.0,0.0,0.0,0.0,0.0,0,0,0,0,5758,0,0,0,540.0,0.0,0.0,0.0,1
13:31:51,142243464,11644,1186,3984.0,0.0,1992.0,1992.0,1992.0,0.0,0.0,0.0,0.0,0.0,1501333333.3333333,,44373758.266666666,79103460.0048045,142236309.0,39835.0,142191997.0,47426640.333333336,82069046.06407806,142191812.0,43978.0,2898.0,2898.0,0.0,2898.0,2898.0,0,0,0,0,232880,23720,7204369978.214306,14149657.695356738,1992.0,1992.0,1992.0,0.0,0.0,0,0,0,0,5798,0,0,0,592.0,2988.0,1992.0,0.0,1
13:31:52,362785827,11702,1306,4040.0,0.0,2020.0,2020.0,2020.0,0.0,0.0,0.0,0.0,0.0,2540000000.0,,111062441.26666667,195030050.82617795,348377201.0,36357.0,362729843.0,116563330.6,199592518.05672216,348327841.0,40165.0,3474.0,3472.6666666666665,0.5773502691896257,3473.0,3472.0,0,0,0,0,234040,26120,7051698093.294066,16695216.968976218,2020.0,2020.0,2020.0,0.0,0.0,0,2,0,0,5781,2,0,0,650.0,3030.0,2020.0,0.0,1
13:31:53,590561017,11998,1238,3984.0,0.0,1992.0,1992.0,1992.0,0.0,0.0,0.0,0.0,0.0,1501333333.3333333,,187943517.13333333,330308030.01128,586779927.0,39065.0,590508031.0,192773630.2,335007522.6830113,586733447.0,43337.0,2621.0,2621.0,0.0,2621.0,2621.0,0,0,0,0,239960,24760,7208780250.6923,16809721.39808286,1992.0,1992.0,1992.0,0.0,0.0,0,0,0,0,5883,0,0,0,618.0,2988.0,1992.0,0.0,1
13:31:54,614547956,12231,1284,3984.0,0.0,1992.0,1992.0,1992.0,0.0,0.0,0.0,0.0,0.0,1501333333.3333333,,197326937.63333333,341712713.3802346,601624174.0,41433.0,614493667.0,198158529.21666667,342615191.0735728,601577637.0,46078.0,3392.0,3392.0,0.0,3392.0,3392.0,0,0,0,0,244696,25720,7091760291.480934,15931380.078910537,1992.0,1992.0,1992.0,0.0,0.0,0,0,0,0,5979,0,0,0,641.0,2988.0,1992.0,0.0,1
13:31:55,490591632,12315,1161,5828.0,4290.0,2480.0,1992.0,2145.666666666667,227.56391043689973,1073.0,0.0,476.66666666666674,565.2572423242358,1328001144.9662828,,160243665.31666666,279414111.644691,490231111.0,43113.0,485537512.0,160893340.59848484,279364539.45533395,485534136.0,47527.0,5359893.0,672247.625,1756062.8219542662,5007627.0,2585.0,0,0,0,0,246536,23384,7425427955.0043955,13836276.483852152,1992.0,3065.0,2270.818181818182,422.2251302398528,178274.06060606058,0,1,0,0,6034,1,0,0,575.0,3280.095238095238,2145.666666666667,476.66666666666674,1
13:31:56,342384919,11836,1176,3984.0,0.0,1992.0,1992.0,1992.0,0.0,0.0,0.0,0.0,0.0,1776000000.0,,109988526.2,188394065.74441832,329545400.0,37765.0,342333729.0,109974259.53333333,188366242.02542475,329500447.0,41459.0,2941.0,2941.0,0.0,2941.0,2941.0,0,0,0,0,236720,23520,7138052409.759178,14784898.097480107,1992.0,1992.0,1992.0,0.0,0.0,0,0,0,0,5817,0,0,0,588.0,2988.0,1992.0,0.0,1
13:31:57,286788853,11805,1240,1458.0,2834.0,440.0,0.0,69.42857142857143,127.04155675548508,976.0,0.0,109.0,266.16265703512954,2077.272403881382,,86803404.7002635,151083389.5035361,270516201.0,39200.0,286736078.0,88569154.59761904,152199900.77257335,270539431.0,43397.0,8213126.0,2133508.96,3888926.1491682483,7865108.0,2774.0,0,0,0,0,236368,25128,7063354670.595992,15667355.428459417,0.0,976.0,89.4166666666666,212.3932355910204,45110.88652482269,0,0,0,0,5812,0,0,0,606.0,91.3191489361702,69.42857142857143,109.0,1
13:31:58,169224456,11632,1206,11720.0,0.0,5860.0,5860.0,5860.0,0.0,0.0,0.0,0.0,0.0,8776000000.0,,56433246.0,97675199.16104722,169217355.0,38185.0,169170726.0,56418148.0,97646008.86512683,169170047.0,41947.0,2790.0,2790.0,0.0,2790.0,2790.0,0,0,0,0,232640,24120,6951219724.366506,14509661.687636087,5860.0,5860.0,5860.0,0.0,0.0,0,3,0,0,5740,3,0,0,603.0,8790.0,5860.0,0.0,1
13:31:59,102452752,12207,1237,5338.0,2834.0,2432.0,1992.0,2063.2631578947367,133.77420533008564,976.0,0.0,118.08333333333331,275.46970427075,2021334901.4128065,,29962294.104761906,53983772.02906518,100228093.0,41943.0,102374233.0,32763849.5,56778464.209467776,100302483.0,45733.0,2569719.0,114861.43478260867,343604.01583017124,1666005.0,3277.0,0,0,0,0,244408,25080,7523893296.012036,13829614.209065674,1992.0,2968.0,2087.181818181818,220.98924236968853,48836.245243128935,0,0,0,0,6036,2,2,0,608.0,3085.3953488372094,2063.2631578947367,118.08333333333331,1
13:32:00,55658197,11988,1143,0.0,0.0,0.0,0.0,0.0,0.0,0.0,0.0,0.0,0.0,0.0,,18309409.333333336,31510251.247216724,54854035.0,42024.0,55609394.0,18295851.333333336,31483650.495292503,54811151.0,45629.0,2430.0,2430.0,0.0,2430.0,2430.0,0,0,0,0,239784,22896,7369146891.067129,13498251.420146763,0.0,0.0,0.0,0.0,0.0,0,0,0,0,5956,2,2,0,573.0,0.0,0.0,0.0,1
13:32:01,29229684,12292,1298,3984.0,0.0,1992.0,1992.0,1992.0,0.0,0.0,0.0,0.0,0.0,2021333333.3333333,,9770102.380952382,16847236.594716873,29221959.0,40990.0,29174560.0,9755450.0,16817232.764261488,29174314.0,45955.0,3091.0,3020.3333333333335,60.33517492585344,3090.0,2985.0,0,0,0,0,245840,25960,7788226281.26404,15490548.434077976,1992.0,1992.0,1992.0,0.0,0.0,0,0,0,0,6123,0,0,0,648.0,2988.0,1992.0,0.0,1
13:32:02,241861105,12320,1267,4088.0,0.0,2044.0,1992.0,2026.6666666666667,30.02221399786054,0.0,0.0,0.0,0.0,1256009339.9191737,,77087409.11428571,135263709.10985377,239607756.0,41458.0,241698378.0,79919499.33333333,137989376.66887817,239454013.0,46196.0,14185.0,5925.25,4854.571067560964,13172.0,3173.0,0,0,0,0,246448,25448,7518736351.658003,15522603.136892404,1992.0,2044.0,2003.5555555555557,22.92984469589313,525.7777777777778,0,0,0,0,6102,2,2,0,632.0,3001.0,2026.6666666666667,0.0,1
13:32:03,612722376,12614,1246,7968.0,0.0,3984.0,3984.0,3984.0,0.0,0.0,0.0,0.0,0.0,2757333333.333333,,204044722.53333333,353508109.58469784,612713805.0,41279.0,612669905.0,204030507.53333333,353479606.6996489,612668354.0,45708.0,2804.0,2804.0,0.0,2804.0,2804.0,0,0,0,0,252280,24920,7373219456.154325,15994528.404639896,3984.0,3984.0,3984.0,0.0,0.0,0,2,0,0,6162,2,0,0,623.0,5976.0,3984.0,0.0,1
13:32:04,627008554,12804,1320,0.0,0.0,0.0,0.0,0.0,0.0,0.0,0.0,0.0,0.0,0.0,,208095723.06666666,359873543.2509959,623980789.0,43956.0,626952699.0,208080090.06666666,359843086.2758574,623931493.0,47925.0,2913.0,2913.0,0.0,2913.0,2913.0,0,0,0,0,256080,26400,7491501942.610347,18772036.095989637,0.0,0.0,0.0,0.0,0.0,0,0,0,0,6262,0,0,0,660.0,0.0,0.0,0.0,1
13:32:05,444426167,12734,1208,3984.0,0.0,1992.0,1992.0,1992.0,0.0,0.0,0.0,0.0,0.0,1501333333.3333333,,147107743.06666666,254564655.29230055,442366151.0,42793.0,444374738.0,147093469.06666666,254536665.18694505,442321194.0,46688.0,3011.0,3011.0,0.0,3011.0,3011.0,0,0,0,0,254728,24232,7732003346.059843,16516049.897831343,1992.0,1992.0,1992.0,0.0,0.0,0,0,0,0,6239,4,4,0,607.0,2988.0,1992.0,0.0,1
13:32:06,319114076,12686,1266,3984.0,0.0,1992.0,1992.0,1992.0,0.0,0.0,0.0,0.0,0.0,2021333333.3333333,,105870677.6,183318461.00493422,318290055.0,40062.0,319060740.0,105855986.26666667,183289711.79457694,318243740.0,44093.0,3320.0,3320.0,0.0,3320.0,3320.0,0,0,0,0,253720,25320,7997405119.914362,17890454.624040414,1992.0,1992.0,1992.0,0.0,0.0,0,0,0,0,6248,0,0,0,633.0,2988.0,1992.0,0.0,1
13:32:07,255230899,12880,1320,0.0,0.0,0.0,0.0,0.0,0.0,0.0,0.0,0.0,0.0,0.0,,85105625.0,147327956.47503045,255223887.0,43587.0,255174177.0,85089446.33333333,147296993.76527554,255173364.0,47184.0,2894.0,2894.0,0.0,2894.0,2894.0,0,0,0,0,257600,26400,7852779908.421349,16629673.286621738,0.0,0.0,0.0,0.0,0.0,0,0,0,0,6346,0,0,0,660.0,0.0,0.0,0.0,1
13:32:08,173063727,12334,1180,3984.0,0.0,1992.0,1992.0,1992.0,0.0,0.0,0.0,0.0,0.0,2021333333.3333333,,57716277.0,99888440.4859099,173055973.0,43173.0,173014654.0,57703710.666666664,99861606.1132003,173013961.0,48297.0,2763.0,2763.0,0.0,2763.0,2763.0,0,0,0,0,246680,23600,7391999242.620893,15320978.874991551,1992.0,1992.0,1992.0,0.0,0.0,0,0,0,0,6090,0,0,0,590.0,2988.0,1992.0,0.0,1
13:32:09,134075962,12637,1301,10132.0,4290.0,4564.0,3984.0,4164.333333333333,267.40617159306663,1073.0,0.0,476.66666666666674,565.2572423242358,4013334323.863594,,39760433.06666667,71659645.18372373,132557379.0,44324.0,129016395.0,41795366.28030303,73222775.07995626,128998874.0,49185.0,6518262.0,817118.125,1771899.3089551788,5007669.0,2670.0,0,0,0,0,252976,26184,7709814862.587415,15484169.07663204,3984.0,5057.0,4277.363636363636,430.0866518953224,184974.52813852817,0,0,0,0,6259,0,0,0,644.0,6283.333333333334,4164.333333333333,476.66666666666674,1
13:32:10,43513662,12230,1258,0.0,0.0,0.0,0.0,0.0,0.0,0.0,0.0,0.0,0.0,0.0,,14532585.333333334,25093494.749809135,43506589.0,42645.0,43459560.0,14517664.0,25064097.61054881,43459191.0,46738.0,3015.0,3015.0,0.0,3015.0,3015.0,0,0,0,0,244600,25160,7409167162.046081,16273249.331265407,0.0,0.0,0.0,0.0,0.0,0,0,0,0,6081,0,0,0,629.0,0.0,0.0,0.0,1
13:32:11,35029389,12252,1140,7736.0,0.0,3868.0,3868.0,3868.0,0.0,0.0,0.0,0.0,0.0,4172000000.0,,11704370.333333334,20195628.64967926,35023024.0,42462.0,34979728.0,11690438.666666668,20168706.284862105,34979254.0,45857.0,2780.0,2780.0,0.0,2780.0,2780.0,0,0,0,0,245040,22800,7596779842.980284,14618749.983568212,3868.0,3868.0,3868.0,0.0,0.0,0,0,0,0,6093,0,0,0,570.0,5802.0,3868.0,0.0,1
13:32:12,231461170,12390,1329,5782.0,4290.0,2482.0,2020.0,2165.1666666666665,215.0200131629753,1073.0,0.0,476.66666666666674,565.2572423242358,1312000933.6844144,,71603978.40714285,126275701.01053241,227689385.0,40605.0,226400077.0,71398131.29090908,125534636.84549136,224089517.0,45297.0,6463395.0,810570.7083333334,1770769.5892256512,5008081.0,3014.0,0,0,0,0,247960,26704,7571044145.034248,17555431.872180022,2020.0,3093.0,2294.181818181818,420.23866647006287,176600.5367965368,0,3,0,0,6122,3,0,0,659.0,3317.2380952380954,2165.1666666666665,476.66666666666674,1
13:32:13,637615675,12630,1290,0.0,0.0,0.0,0.0,0.0,0.0,0.0,0.0,0.0,0.0,0.0,,211433533.4,366386916.773605,636454545.0,42189.0,637559384.0,211417959.73333332,366356445.2363492,636405373.0,46408.0,3446.0,3446.0,0.0,3446.0,3446.0,0,0,0,0,252600,25800,7425719730.131427,15522127.61611174,0.0,0.0,0.0,0.0,0.0,0,0,0,0,6176,0,0,0,645.0,0.0,0.0,0.0,1
13:32:14,621003722,12677,1213,10226.0,4868.0,4840.0,3984.0,4155.9047619047615,319.31792974347036,1993.0,0.0,408.65476190476187,771.7148913650792,,,203748596.05800864,353140841.4235886,615676050.0,42916.0,615948664.0,203473768.28095236,351917186.90682703,610942254.0,47283.0,8257867.0,978378.224637681,2309949.9294049684,6198974.0,2794.0,0,0,0,0,253920,24664,7543702215.248036,15114591.066159207,3984.0,5977.0,4255.733695652174,572.2351099724168,173500.89347826084,0,0,0,0,6174,0,0,0,592.0,6261.733333333334,4155.9047619047615,408.65476190476187,1
13:32:15,396172094,12564,1251,3984.0,0.0,1992.0,1992.0,1992.0,0.0,0.0,0.0,0.0,0.0,2512000000.0,,130350464.93333334,227008139.10871843,396164355.0,41871.0,396118998.0,130335851.6,226979296.23991075,396117976.0,45960.0,3263.0,3263.0,0.0,3263.0,3263.0,0,0,0,0,251304,25056,7469121640.8195505,15417541.200234536,1992.0,1992.0,1992.0,0.0,0.0,0,0,0,0,6164,2,2,0,627.0,2988.0,1992.0,0.0,1
13:32:16,345642404,12652,1209,3984.0,0.0,1992.0,1992.0,1992.0,0.0,0.0,0.0,0.0,0.0,2021333333.3333333,,115232601.96666667,199516857.77059,345634940.0,43505.0,345590908.0,115218119.46666667,199488964.28609312,345589625.0,47008.0,2997.0,2997.0,0.0,2997.0,2997.0,0,0,0,0,253064,24216,7590092362.898975,17072542.64911024,1992.0,1992.0,1992.0,0.0,0.0,0,0,0,0,6215,2,2,0,606.0,2988.0,1992.0,0.0,1
13:32:17,213516003,12344,1372,0.0,0.0,0.0,0.0,0.0,0.0,0.0,0.0,0.0,0.0,0.0,,71199675.0,123243125.2442919,213506393.0,42084.0,213457994.0,71184223.33333333,123212084.36248997,213457270.0,47393.0,3962.0,3962.0,0.0,3962.0,3962.0,0,0,0,0,246880,27440,7293679776.484696,18148164.018077392,0.0,0.0,0.0,0.0,0.0,0,0,0,0,6095,0,0,0,686.0,0.0,0.0,0.0,1
13:32:18,162683379,12454,1345,0.0,0.0,0.0,0.0,0.0,0.0,0.0,0.0,0.0,0.0,0.0,,54301421.166666664,93930985.45579845,162675196.0,42677.0,162350651.0,54148354.333333336,93705410.25399143,162350042.0,47258.0,3854.0,3488.5,446.18437892871145,3804.0,3173.0,0,0,0,0,249104,26960,7463893780.718901,15455224.558865486,0.0,0.0,0.0,0.0,0.0,0,0,0,0,6145,2,2,0,675.0,0.0,0.0,0.0,1
13:32:19,84939324,12208,1245,3984.0,0.0,1992.0,1992.0,1992.0,0.0,0.0,0.0,0.0,0.0,1992000000.0,,28339044.333333332,49012148.4885889,84931690.0,39455.0,84886029.0,28324004.333333332,48983760.54426192,84885579.0,43031.0,3275.0,3275.0,0.0,3275.0,3275.0,0,0,0,0,244232,25008,7523726849.6809,17621145.91343267,1992.0,1992.0,1992.0,0.0,0.0,0,0,0,0,6048,6,6,0,627.0,2988.0,1992.0,0.0,1
13:32:20,40222289,12230,1322,0.0,0.0,0.0,0.0,0.0,0.0,0.0,0.0,0.0,0.0,0.0,,13434624.333333334,23193130.497008216,40214099.0,41656.0,40165234.0,13419068.666666666,23162546.013040625,40164873.0,46009.0,3533.0,3533.0,0.0,3533.0,3533.0,0,0,0,0,244600,26440,7461141152.557388,15964163.35383462,0.0,0.0,0.0,0.0,0.0,0,0,0,0,6080,0,0,0,661.0,0.0,0.0,0.0,1
13:32:21,26591851,12373,1392,2750.0,4378.0,648.0,0.0,88.70967741935482,164.0311339448271,976.0,0.0,128.7647058823529,292.6053354826962,841.3337547870922,,6198343.427083333,10790460.550838742,20050539.0,39686.0,26534998.0,6332606.066666666,11000155.174704468,20353635.0,43946.0,8121339.0,249267.2424242425,470066.8178982663,1941358.0,3265.0,0,0,0,0,247848,28264,7636815028.872839,20281671.5436788,0.0,976.0,107.99999999999996,237.63048237514937,56468.24615384617,0,0,0,0,6147,0,0,0,680.0,109.66153846153844,88.70967741935482,128.76470588235293,1
13:32:22,202433388,12366,1368,56.0,0.0,28.0,28.0,28.0,0.0,0.0,0.0,0.0,0.0,56000000.0,,66971353.9047619,115637447.98771688,200580201.0,40969.0,202375281.0,66955394.333333336,115606204.08390518,200530026.0,45511.0,3644.0,3641.3333333333335,1.1547005383792515,3642.0,3640.0,0,0,0,0,247320,27360,6887226085.245866,17957783.580067877,28.0,28.0,28.0,0.0,0.0,0,1,0,0,6123,1,0,0,682.0,42.0,28.0,0.0,1
13:32:23,458955423,12582,1456,3984.0,0.0,1992.0,1992.0,1992.0,0.0,0.0,0.0,0.0,0.0,2512000000.0,,150569964.8857143,261297762.20159343,456469663.0,40581.0,458893204.0,150552957.6,261264148.69410443,456415580.0,45396.0,3642.0,3641.3333333333335,0.5773502691896257,3642.0,3641.0,0,0,0,0,251640,29120,7211279687.309664,18777558.597944453,1992.0,1992.0,1992.0,0.0,0.0,0,0,0,0,6150,0,0,0,727.0,2988.0,1992.0,0.0,1
13:32:24,406124311,12754,1504,3984.0,0.0,1992.0,1992.0,1992.0,0.0,0.0,0.0,0.0,0.0,1256000000.0,,134625039.74285713,233523016.64521036,405808876.0,41535.0,406060205.0,134607490.6,233488166.06196967,405752834.0,46609.0,3265.0,3198.3333333333335,28.042479676008988,3216.0,3166.0,0,0,0,0,255080,30080,7465831970.464054,20522768.11220281,1992.0,1992.0,1992.0,0.0,0.0,0,1,0,0,6262,1,0,0,750.0,2988.0,1992.0,0.0,1
13:32:25,240299229,12646,1448,0.0,0.0,0.0,0.0,0.0,0.0,0.0,0.0,0.0,0.0,0.0,,79780343.78095238,138256779.41965324,240087188.0,43385.0,240237037.0,79762918.06666666,138223261.15097097,240032695.0,47553.0,3943.0,3823.6666666666665,99.88779924830108,3939.0,3765.0,0,0,0,0,252920,28960,7418493052.638954,18712004.992843255,0.0,0.0,0.0,0.0,0.0,0,0,0,0,6232,0,0,0,722.0,0.0,0.0,0.0,1
13:32:26,173844455,12484,1520,0.0,0.0,0.0,0.0,0.0,0.0,0.0,0.0,0.0,0.0,0.0,,57974800.9047619,100338959.55228627,173834220.0,40874.0,173780263.0,57957673.666666664,100304457.70461538,173779278.0,46429.0,3970.0,3867.3333333333335,81.11995636509907,3961.0,3820.0,0,0,0,0,249680,30400,7375105084.813167,21127548.98178697,0.0,0.0,0.0,0.0,0.0,0,0,0,0,6164,0,0,0,757.0,0.0,0.0,0.0,1
13:32:27,110984226,12466,1536,0.0,0.0,0.0,0.0,0.0,0.0,0.0,0.0,0.0,0.0,0.0,,37022166.0952381,64047418.87678464,110976239.0,41949.0,110917948.0,37003737.333333336,64011189.525485545,110917492.0,46678.0,3312.0,3208.0,86.60254037844386,3308.0,3158.0,0,0,0,0,249320,30720,7285904887.596467,19327608.224936437,0.0,0.0,0.0,0.0,0.0,0,0,0,0,6165,0,0,0,766.0,0.0,0.0,0.0,1
13:32:28,49578828,12236,1458,0.0,0.0,0.0,0.0,0.0,0.0,0.0,0.0,0.0,0.0,0.0,,16392521.104761904,28438179.293146778,49571454.0,41779.0,49515455.0,16374643.533333333,28403532.26607339,49515100.0,46070.0,2853.0,2851.6666666666665,0.5773502691896257,2852.0,2851.0,0,0,0,0,244720,29160,7394766720.919,18562394.455388766,0.0,0.0,0.0,0.0,0.0,0,0,0,0,6075,0,0,0,728.0,0.0,0.0,0.0,1
13:32:29,23888681,12426,1462,0.0,0.0,0.0,0.0,0.0,0.0,0.0,0.0,0.0,0.0,0.0,,7989595.571428572,13763073.489104802,23880102.0,40912.0,23825580.0,7972054.666666666,13729138.262437368,23825098.0,45361.0,3676.0,3674.0,0.0,3674.0,3674.0,0,0,0,0,248520,29240,7492016944.548729,18401975.099660788,0.0,0.0,0.0,0.0,0.0,0,0,0,0,6186,0,0,0,730.0,0.0,0.0,0.0,1
13:32:30,3081172,12269,1438,3984.0,0.0,1992.0,1992.0,1992.0,0.0,0.0,0.0,0.0,0.0,2021333333.3333333,,994117.7857142857,1692542.4690223786,3074030.0,39025.0,3019921.0,1006311.4166666666,1691360.74697104,3019852.0,43343.0,2897.0,2785.0,89.49771248560158,2888.0,2732.0,0,0,0,0,245376,28744,7571748760.894492,18780453.834394645,1992.0,1992.0,1992.0,0.0,0.0,0,0,0,0,6116,1,1,0,713.0,2988.0,1992.0,0.0,1
13:32:31,332607437487,57882,6126,168.0,0.0,84.0,0.0,11.500000000000002,29.899465812567385,0.0,0.0,0.0,0.0,1.7856672400369242,,22921520342.859375,30621917525.400208,85199634343.0,38747.0,332607360729.0,25013461326.25012,31324934550.050602,85199601062.0,43591.0,26284011322.0,7499290090.021357,12864683399.39272,23758480905.0,9796.0,0,0,0,0,1157640,122520,7146943692.831025,16603989.2977787,0.0,84.0,8.676268676807108,26.194319626716414,229.48720751735965,0,0,0,0,8906,0,0,0,666.0,9.156565656565657,11.5,0.0,1
13:32:32,364105702318,66034,6592,168.0,0.0,84.0,0.0,9.022222222222224,26.72754482689482,0.0,0.0,0.0,0.0,1.475014716326995,,25193526133.51824,33536982689.98363,93133423314.0,34901.0,364105627434.0,27468677212.655273,34285659004.92593,93133391294.0,38677.0,27944244017.0,8094721327.037916,13893816302.459106,25362975053.0,9272.0,0,0,0,0,1231120,127560,6517605192.797162,15515265.892810931,0.0,84.0,7.34144927536232,24.241955678539725,196.11509881422927,0,0,0,0,8773,0,0,0,617.0,7.678787878787878,9.022222222222222,0.0,1
13:32:33,363363925545,61454,6204,56.0,0.0,28.0,28.0,28.0,0.0,0.0,0.0,0.0,0.0,56000000.0,,25566341184.61523,34289224630.41306,94985177493.0,32640.0,363363858185.0,27828031983.096363,35058547687.910995,94985154247.0,36918.0,28531559499.0,8101548829.869842,13948105831.251078,25796596476.0,10048.0,0,0,0,0,1229080,124080,6426632601.218909,12726858.630787982,28.0,28.0,28.0,0.0,0.0,0,1,0,0,8696,1,0,0,530.0,42.0,28.0,0.0,1
13:32:34,350379665665,59554,6196,112.0,0.0,56.0,0.0,7.1111111111111125,19.222485883525643,0.0,0.0,0.0,0.0,1.164293151782871,,24925779782.288578,33630821035.002277,92766901936.0,36001.0,350379597593.0,27275494191.476364,34455531727.36622,92766877057.0,39219.0,27187741410.0,7694127270.971429,13196417565.155592,24461142308.0,9463.0,0,0,0,0,1191192,124000,6427555432.500009,13233107.494683724,0.0,56.0,5.728900255754477,17.36587013273185,151.5456870495234,0,0,0,0,8659,0,0,0,529.0,6.045454545454545,7.111111111111111,0.0,1
13:32:35,355172737835,60502,5976,4152.0,0.0,2076.0,1992.0,2002.111111111111,28.18230476448101,0.0,0.0,0.0,0.0,2021333334.9119885,,25395560549.31144,34053644935.61218,94098344001.0,36234.0,355172670276.0,27658176435.089943,34835338212.45575,94098322197.0,40072.0,24445001496.0,6957432082.921789,12015301546.88724,22270399939.0,9145.0,0,0,0,0,1210040,119520,6414822467.205489,11430562.708677053,1992.0,2076.0,2000.329519450801,25.72381282252998,220.95813974990182,0,0,0,0,8726,0,0,0,504.0,2996.7676767676767,2002.111111111111,0.0,1
13:32:36,352437038862,59952,5992,56.0,0.0,28.0,0.0,3.111111111111112,9.054663334689764,0.0,0.0,0.0,0.0,0.5230316423309384,,25386987098.84833,34003599349.345463,93541472788.0,34601.0,352436972313.0,27649703913.01814,34781170962.13045,93541449788.0,37961.0,25511749805.0,7269569995.330159,12486414780.24378,23052799203.0,9882.0,0,0,0,0,1199040,119840,6413772455.777104,13069189.127462912,0.0,28.0,2.666666666666667,8.422192905255338,70.93333333333334,0,0,0,0,8669,0,0,0,491.0,2.8,3.111111111111111,0.0,1
13:32:37,331433486170,56850,5874,280.0,0.0,140.0,0.0,17.57777777777778,47.69950814025763,0.0,0.0,0.0,0.0,3.1115900212761742,,24158998468.715702,32498016105.748074,89092802003.0,35416.0,331433419242.0,26379309866.539394,33266243314.646797,89092776846.0,39045.0,23864160605.0,6999451782.536508,12028587982.713535,21894348713.0,8420.0,0,0,0,0,1137000,117480,6344635168.411655,12948290.648903485,0.0,140.0,14.022151029748287,42.92264688021024,371.1232859487322,0,0,0,0,8470,0,0,0,523.0,14.78989898989899,17.57777777777778,0.0,1
13:32:38,340867266312,58410,5930,112.0,0.0,56.0,0.0,5.911111111111112,17.672881492205057,0.0,0.0,0.0,0.0,1.047103265413619,,25133225622.01369,33749050527.238087,92614330968.0,34775.0,340867202188.0,27361154132.980354,34517284853.39806,92614308242.0,38159.0,26792091941.0,7797852910.0222225,13396392927.699749,24442499854.0,9151.0,0,0,0,0,1168200,118600,6374948684.197807,13277153.924242916,0.0,56.0,4.740740740740742,15.894840082826072,126.7737891737892,0,0,0,0,8618,0,0,0,501.0,4.953846153846154,5.911111111111111,0.0,1
13:32:39,338631551298,58038,5792,112.0,0.0,56.0,0.0,7.500000000000001,19.731643263731506,0.0,0.0,0.0,0.0,1.194944418497691,,25153904847.57789,33764048778.348255,92087308315.0,32552.0,338631483136.0,27368441710.33984,34527887507.30104,92087281831.0,35916.0,22119101574.0,6607687650.723809,11385168417.12785,20611083617.0,9882.0,0,0,0,0,1160760,115840,6358685627.369481,13429143.118018609,0.0,56.0,5.614035087719299,17.2506423992399,148.8748538011696,0,0,0,0,8567,0,0,0,541.0,5.911111111111111,7.5,0.0,1
13:32:40,325826116935,56432,5832,4208.0,0.0,2104.0,1992.0,2005.2222222222222,37.236968099170774,0.0,0.0,0.0,0.0,,,24150444682.44692,32534895943.03895,88818482560.0,36489.0,325826056503.0,26404935911.55228,33321952871.001934,88818462276.0,39805.0,25172100015.0,7208170405.107937,12324495948.311518,22675514959.0,8687.0,0,0,0,0,1128640,116640,6253239038.495754,11595797.932461238,1992.0,2104.0,2002.9961861174677,34.14600572778531,291.89147308323516,0,0,0,0,8454,0,0,0,473.0,2999.567676767677,2005.2222222222222,0.0,1
13:32:41,325562317303,55976,5830,112.0,0.0,56.0,0.0,8.0,20.33564509767176,0.0,0.0,0.0,0.0,1.2298252480632819,,24546384881.377888,32995707514.974304,89481866497.0,34431.0,325562251161.0,26766641601.30846,33771735846.193607,89503806368.0,37645.0,24306653929.0,6998492544.694661,11988982597.749733,22028438748.0,8930.0,0,0,0,0,1119520,116648,5934879326.856012,14030128.837699331,0.0,56.0,5.894736842105264,17.65689898796912,155.88304093567254,0,0,0,0,8291,0,0,0,512.0,6.222222222222222,8.0,0.0,1
13:32:42,309357633974,53822,5656,168.0,0.0,84.0,0.0,10.888888888888891,29.00831188764085,0.0,0.0,0.0,0.0,1.7566619258298504,,23613123964.73349,31881796398.981716,86575741528.0,33558.0,309357565003.0,25788833698.358444,32645683431.3743,86575717493.0,37073.0,22550594072.0,6528438319.739682,11154944338.252527,20386861451.0,8483.0,0,0,0,0,1076440,113120,6061947403.593576,13104381.26793607,0.0,84.0,8.408115942028989,25.672004480970344,222.2484321475626,0,0,0,0,8222,0,0,0,531.0,8.878787878787879,10.88888888888889,0.0,1
13:32:43,306082449998,55342,5548,280.0,0.0,140.0,56.0,71.16666666666667,33.42428732997267,0.0,0.0,0.0,0.0,,,23690024767.88905,32054726738.048862,86702789165.0,43093.0,306082383201.0,25794050195.956154,32793809303.144974,86702765292.0,47003.0,21689401921.0,6335438273.012698,10868676458.360651,19831244074.0,9754.0,0,0,0,0,1106840,110960,7066787841.089247,12505009.482890293,56.0,140.0,66.2684766214178,28.236095830209685,267.96802413273,0,4,0,0,9101,4,0,0,532.0,94.96666666666667,71.16666666666667,0.0,1
13:32:44,269469400631,50518,5084,280.0,0.0,140.0,56.0,65.72222222222223,27.67314738427515,0.0,0.0,0.0,0.0,,,21328014513.828075,28875757479.273693,77716634874.0,38404.0,269469327624.0,23153437487.4856,29530410577.378307,77716598705.0,42090.0,17713112938.0,5209618349.314285,8933174469.24529,16284660446.0,7209.0,0,0,0,0,1010360,101680,7561707170.473927,16921577.426444456,56.0,140.0,63.536231884057976,24.55602057437704,201.08353096179184,0,2,0,0,9045,2,0,0,651.0,91.89090909090909,65.72222222222223,0.0,1
13:32:45,226398453948,44934,4434,4208.0,0.0,2104.0,2020.0,2031.0,29.295463978627126,0.0,0.0,0.0,0.0,1557333335.1356583,,18078323483.17398,24472573599.17825,65646995909.0,39557.0,226398381912.0,19647965891.224525,25048989996.59433,65646958817.0,43815.0,14212851487.0,4225895356.5982685,7240623859.126531,13101864612.0,7053.0,0,0,0,0,898680,88680,7692150854.063797,16223804.07113464,2020.0,2104.0,2028.561403508772,26.07909189322446,226.81637426900588,0,5,0,0,8782,5,0,0,631.0,3039.0222222222224,2031.0,0.0,1
13:32:46,194803277075,40684,3964,112.0,0.0,56.0,56.0,56.0,0.0,0.0,0.0,0.0,0.0,112000000.0,,15699599817.51246,21231223180.290012,56775084141.0,42528.0,194803208364.0,17028244347.308336,21709857868.7305,56775045181.0,47289.0,10580372795.0,3090525049.120635,5309329172.57312,9689561464.0,7335.0,0,0,0,0,813680,79280,7938382330.767704,18577084.00689691,56.0,56.0,56.0,0.0,0.0,0,2,0,0,8580,2,0,0,655.0,84.0,56.0,0.0,1
13:32:47,161498213149,35738,3468,168.0,0.0,84.0,56.0,59.5,9.563820714895623,0.0,0.0,0.0,0.0,112000000.69238675,,13298020776.63982,17989934877.20914,47670838091.0,45481.0,161498148386.0,14400411643.965853,18388811041.585766,47670799470.0,50355.0,8844502161.0,2576092816.161905,4412123365.581169,8044334525.0,7087.0,0,0,0,0,714760,69360,7574879297.842818,15808450.627992453,56.0,84.0,58.66666666666667,8.422192905255336,70.93333333333334,0,2,0,0,8135,2,0,0,639.0,86.8,59.5,0.0,1
13:32:48,139514866121,32724,3218,112.0,0.0,56.0,56.0,56.0,0.0,0.0,0.0,0.0,0.0,112000000.0,,11535968574.483418,15623390579.566347,41626876367.0,42237.0,139514801159.0,12509740785.00325,15985528100.496536,41626835517.0,46989.0,7912383878.0,2354966232.869841,4056645122.0128427,7364265334.0,4947.0,0,0,0,0,654480,64360,7814162495.228924,18429059.28162061,56.0,56.0,56.0,0.0,0.0,0,8,0,0,7945,8,0,0,647.0,84.0,56.0,0.0,1
13:32:49,120706606646,30136,3004,56.0,0.0,28.0,0.0,3.5000000000000013,9.563820714895623,0.0,0.0,0.0,0.0,0.6883004411760006,,10113938451.347475,13681355653.435818,36078177962.0,45391.0,120706542468.0,10976604367.457325,13998639963.956137,36078136236.0,50417.0,7483051774.0,2223027300.0571427,3802617292.0605717,6884396761.0,5255.0,0,0,0,0,602720,60080,7950009392.820498,16159691.450360505,0.0,28.0,2.947368421052632,8.828449493984563,77.94152046783627,0,0,0,0,7831,0,0,0,647.0,3.111111111111111,3.5,0.0,1
13:32:50,104745884635,27890,2938,4040.0,0.0,2020.0,2020.0,2020.0,0.0,0.0,0.0,0.0,0.0,1312000000.0,,8857114956.174805,12094862842.61022,31944966389.0,46599.0,104745816583.0,9666042895.80574,12392918360.050991,31944920813.0,52015.0,6434755444.0,1894581644.0,3236060491.0614457,5866028465.0,5424.0,0,0,0,0,557800,58760,7838617895.641598,18595490.90447405,2020.0,2020.0,2020.0,0.0,0.0,0,1,0,0,7686,1,0,0,697.0,3030.0,2020.0,0.0,1
13:32:51,89329085678,25552,2552,56.0,0.0,28.0,28.0,28.0,0.0,0.0,0.0,0.0,0.0,56000000.0,,7780591569.52728,10576541393.024826,27679521691.0,43878.0,89329020149.0,8418708400.952787,10821264600.03791,27679474690.0,48000.0,5136043509.0,1530141909.7619047,2611529717.7687764,4723849597.0,4912.0,0,0,0,0,511040,51040,7481321020.16672,19299376.035208788,28.0,28.0,28.0,0.0,0.0,0,5,0,0,7494,5,0,0,680.0,42.0,28.0,0.0,1
13:32:52,77791180718,24028,2524,56.0,0.0,28.0,28.0,28.0,0.0,0.0,0.0,0.0,0.0,,,6880759357.339834,9461327560.507776,24795723752.0,45024.0,77791114948.0,7473094016.059141,9692933972.51666,24795676283.0,49908.0,4419293846.0,1317107854.8126984,2255527655.8190894,4082322403.0,4957.0,0,0,0,0,480560,50480,7566184837.878554,17339080.26196287,28.0,28.0,28.0,0.0,0.0,0,1,0,0,7402,1,0,0,708.0,42.0,28.0,0.0,1
13:32:53,63946869059,22850,2302,0.0,0.0,0.0,0.0,0.0,0.0,0.0,0.0,0.0,0.0,0.0,,5838935379.733076,8146515340.211511,20894745387.0,51068.0,63946809568.0,6331178709.328823,8330311747.382313,20894702043.0,56724.0,3773339709.0,1106644673.952381,1904087575.4775777,3470987615.0,4948.0,0,0,0,0,457000,46040,7962962610.536718,18245253.62926405,0.0,0.0,0.0,0.0,0.0,0,0,0,0,7511,0,0,0,676.0,0.0,0.0,0.0,1
13:32:54,56224496967,21426,2088,56.0,0.0,28.0,0.0,5.6,11.80583659796195,0.0,0.0,0.0,0.0,0.7438426729178851,,5202702097.206521,7202619439.388634,18404059429.0,47684.0,56224437009.0,5640141967.11228,7376362310.281754,18404013632.0,52408.0,2880340719.0,908309352.0666667,1562238619.3121586,2755116353.0,3732.0,0,0,0,0,428520,41760,7783549643.054681,15026692.578155536,0.0,28.0,4.307692307692308,10.514946626783347,110.56410256410255,0,6,0,0,7282,6,0,0,648.0,4.666666666666667,5.6,0.0,1
13:32:55,48045814866,20366,2074,3984.0,0.0,1992.0,1992.0,1992.0,0.0,0.0,0.0,0.0,0.0,1776000000.0,,4460913341.508131,6223489937.118052,15997239784.0,48578.0,48045753800.0,4843146713.147208,6374333753.91807,15997192356.0,53882.0,2489683160.0,693317184.0761905,1175405314.182727,2188485609.0,4452.0,0,0,0,0,407320,41480,7485577312.744674,16759227.171690466,1992.0,1992.0,1992.0,0.0,0.0,0,0,0,0,7257,0,0,0,684.0,2988.0,1992.0,0.0,1
13:32:56,40862961686,18998,2012,56.0,0.0,28.0,0.0,3.5000000000000013,9.563820714895623,0.0,0.0,0.0,0.0,0.6649725067117099,,3772739678.7601223,5228629595.772784,13480505448.0,45627.0,40862899223.0,4107708631.4192433,5365025096.537341,13480456696.0,50559.0,2552110493.0,745067955.3873016,1274935237.4385068,2309548770.0,4504.0,0,0,0,0,379960,40240,7924847226.859381,19216788.04663309,0.0,28.0,2.666666666666667,8.422192905255338,70.93333333333334,0,0,0,0,7007,0,0,0,693.0,2.8,3.5,0.0,1
13:32:57,35461410009,18224,1758,0.0,0.0,0.0,0.0,0.0,0.0,0.0,0.0,0.0,0.0,0.0,,3414211106.1456532,4733231204.791261,12101509278.0,45671.0,35461353758.0,3674374028.8737483,4834083454.360695,12101465502.0,50561.0,1620463939.0,504906725.0,871319197.6113815,1557612381.0,3962.0,0,0,0,0,364480,35160,8033331880.282745,15779012.170747109,0.0,0.0,0.0,0.0,0.0,0,0,0,0,6976,0,0,0,646.0,0.0,0.0,0.0,1
13:32:58,34060022932,17778,1798,0.0,0.0,0.0,0.0,0.0,0.0,0.0,0.0,0.0,0.0,0.0,,3307817731.480293,4645643462.271985,11742953238.0,44123.0,34059966697.0,3591495606.5481462,4758216594.561832,11742908770.0,49111.0,1719354595.0,469969545.93968254,796779689.2982075,1499817660.0,3798.0,0,0,0,0,355560,35960,7916336259.60783,16591803.914492838,0.0,0.0,0.0,0.0,0.0,0,0,0,0,6820,0,0,0,635.0,0.0,0.0,0.0,1
13:32:59,27462702361,17178,1716,0.0,0.0,0.0,0.0,0.0,0.0,0.0,0.0,0.0,0.0,0.0,,2547113045.2764425,3512289744.766784,9084092186.0,42002.0,27462645669.0,2771817453.02775,3601466591.59691,9084046692.0,46375.0,1822326815.0,514673891.0,866205668.9339519,1597482817.0,3433.0,0,0,0,0,343560,34320,8249067442.518373,17060610.579524882,0.0,0.0,0.0,0.0,0.0,0,0,0,0,6886,0,0,0,648.0,0.0,0.0,0.0,1
13:33:00,23348020446,16344,1640,3984.0,0.0,1992.0,1992.0,1992.0,0.0,0.0,0.0,0.0,0.0,3984000000.0,,2290487053.268914,3176904098.6839924,8139418066.0,44964.0,23347961715.0,2479278704.2083917,3253601520.730116,8139370327.0,49285.0,984575721.0,310984990.3333333,540648007.3851984,962803606.0,4250.0,0,0,0,0,326880,32800,7541988173.732184,15721861.11549628,1992.0,1992.0,1992.0,0.0,0.0,0,0,0,0,6788,0,0,0,662.0,2988.0,1992.0,0.0,1
13:33:01,17997927323,15436,1554,0.0,0.0,0.0,0.0,0.0,0.0,0.0,0.0,0.0,0.0,0.0,,1834362085.1031268,2598145097.6225204,6558028773.0,43893.0,17997871670.0,1990348429.0600955,2664262384.050022,6557982630.0,48465.0,970975659.0,317168041.0,546997202.8299248,954606801.0,3416.0,0,0,0,0,308720,31080,8154416828.161101,18168621.587433554,0.0,0.0,0.0,0.0,0.0,0,0,0,0,6653,0,0,0,642.0,0.0,0.0,0.0,1
13:33:02,15839571248,15300,1508,0.0,0.0,0.0,0.0,0.0,0.0,0.0,0.0,0.0,0.0,0.0,,1635593787.9273698,2292899927.1496754,5687493210.0,45753.0,15839515114.0,1766133856.302764,2350605026.8910813,5687446323.0,50239.0,740048664.0,223567021.46666667,388450988.6902366,699261360.0,3618.0,0,0,0,0,306000,30160,8134607098.918293,16879084.652385574,0.0,0.0,0.0,0.0,0.0,0,1,0,0,6677,1,0,0,647.0,0.0,0.0,0.0,1
13:33:03,15575974342,15696,1562,56.0,0.0,28.0,28.0,28.0,0.0,0.0,0.0,0.0,0.0,56000000.0,,1713520808.7010899,2477208261.538548,5929522433.0,44611.0,15575916311.0,1861230444.5278943,2541360135.8503737,5929474486.0,49802.0,506457934.0,158088357.6,275606839.62893724,492213937.0,3381.0,0,0,0,0,313920,31240,8228617955.618288,16568473.545789242,28.0,28.0,28.0,0.0,0.0,0,1,0,0,6838,1,0,0,666.0,42.0,28.0,0.0,1
13:33:04,13095500441,15452,1544,56.0,0.0,28.0,28.0,28.0,0.0,0.0,0.0,0.0,0.0,56000000.0,,1500146544.1270907,2195905532.921046,5290041017.0,44411.0,13095444283.0,1626274142.9207904,2249382289.4489903,5289993581.0,49088.0,829502745.0,242307028.46666664,415447457.04921174,763798328.0,3040.0,0,0,0,0,309040,30880,8253174132.630544,18289630.21664573,28.0,28.0,28.0,0.0,0.0,0,1,0,0,6842,1,0,0,668.0,42.0,28.0,0.0,1
13:33:05,10082586515,14950,1446,3984.0,0.0,1992.0,1992.0,1992.0,0.0,0.0,0.0,0.0,0.0,1776000000.0,,1188407119.3140295,1715355527.3465269,4033852051.0,44945.0,10082529224.0,1259205383.8959706,1744101741.7183654,4033803414.0,49336.0,217745476.0,66098530.266666666,110973949.17839509,194548126.0,3835.0,0,0,0,0,299000,28920,8305440069.7761345,17512694.246031642,1992.0,1992.0,1992.0,0.0,0.0,0,0,0,0,6779,0,0,0,663.0,2988.0,1992.0,0.0,1
13:33:06,9970863712,14562,1486,112.0,0.0,56.0,28.0,32.0,10.16782254883588,0.0,0.0,0.0,0.0,1142857.8783937192,,1126253578.1693678,1656459206.3367162,3982961735.0,42685.0,9970806642.0,1224152128.881474,1699737528.3697746,3982913860.0,47255.0,800923570.0,245101250.0,424681188.8611712,767156038.0,3241.0,0,0,0,0,291240,29720,7904661068.085989,18271352.42423758,28.0,56.0,30.94736842105263,8.828449493984563,77.94152046783627,0,1,0,0,6606,1,0,0,661.0,45.111111111111114,32.0,0.0,1
13:33:07,8515840915,14533,1474,1270.0,2146.0,635.0,28.0,162.88888888888889,267.6618409693677,1073.0,0.0,357.66666666666663,554.0948173974077,56000764.17893068,,1019539502.8950121,1475570044.4322896,3482198666.0,46117.0,8515782605.0,1090184133.367044,1506162007.3675628,3482149217.0,50761.0,194115820.0,64707345.2,112070534.37425008,194115348.0,3324.0,0,0,0,0,290784,29568,7899106958.926606,18516818.069390886,28.0,1101.0,238.0,394.457940301202,155597.06666666668,0,1,0,0,6696,1,0,0,680.0,266.0,162.88888888888889,357.66666666666674,1
13:33:08,8125719689,14258,1392,2858.0,4980.0,1156.0,0.0,226.39365079365078,441.9326692574813,2049.0,0.0,475.74999999999994,829.5645216681578,2018.4953401974149,,960514360.112976,1395728486.818998,3352530110.0,44654.0,8125664726.0,1038098065.4477994,1432175459.5168154,3352784393.0,47883.0,267781729.0,78206241.10434783,136091657.6740482,250231677.0,3185.0,0,0,0,0,285552,28232,7846910710.746094,15121329.232358776,0.0,2077.0,317.04138795986614,632.8492985067201,211794.65758082498,0,0,0,0,6584,0,0,0,625.0,334.1333333333334,226.39365079365078,475.75000000000006,1
13:33:09,6789517412,14010,1394,56.0,0.0,28.0,28.0,28.0,0.0,0.0,0.0,0.0,0.0,56000000.0,,821587518.1706921,1202775191.119355,2808583339.0,43534.0,6789461623.0,885982833.7932068,1229151838.4353108,2808534871.0,47239.0,178475869.0,57133654.86666666,100472112.0634277,177996646.0,3356.0,0,0,0,0,280200,27880,7955999326.156451,16342491.175394095,28.0,28.0,28.0,0.0,0.0,0,1,0,0,6564,1,0,0,646.0,42.0,28.0,0.0,1
13:33:10,4539368727,13740,1462,56.0,0.0,28.0,28.0,28.0,0.0,0.0,0.0,0.0,0.0,56000000.0,,510712651.9390165,741111944.568129,1817265153.0,43907.0,4539308492.0,568814887.3702742,771049826.9852805,1817213568.0,48305.0,156103663.0,52036729.0,90124555.71043083,156103602.0,3269.0,0,0,0,0,274800,29240,8007756053.528068,16026906.982313605,28.0,28.0,28.0,0.0,0.0,0,1,0,0,6567,1,0,0,689.0,42.0,28.0,0.0,1
13:33:11,4076729927,13460,1446,4040.0,0.0,2020.0,2020.0,2020.0,0.0,0.0,0.0,0.0,0.0,2077333333.3333333,,460859400.0023905,685890180.6410583,1666177909.0,43082.0,4076412413.0,517549639.08045286,712070263.457373,1665869430.0,47854.0,370895127.0,96440955.1,162943115.78294525,316445462.0,3235.0,0,0,0,0,269248,29016,7831166965.393442,16354287.004508588,2020.0,2020.0,2020.0,0.0,0.0,0,1,0,0,6463,5,4,0,679.0,3030.0,2020.0,0.0,1
13:33:12,4630212593,13650,1425,56.0,0.0,28.0,28.0,28.0,0.0,0.0,0.0,0.0,0.0,56000000.0,,584564143.8405693,869115798.1752219,1987700494.0,45123.0,4630155419.0,643598284.0564103,899636131.7542506,1987651428.0,49743.0,261119031.0,83397963.85714287,144100228.52212152,252736760.0,3384.0,0,0,0,0,273024,28536,7823611766.085126,17568393.56280601,28.0,28.0,28.0,0.0,0.0,0,1,0,0,6520,3,2,0,672.0,42.0,28.0,0.0,1
13:33:13,5144278357,13843,1452,2838.0,4378.0,676.0,28.0,112.3030303030303,160.32145147493608,976.0,0.0,121.61111111111109,285.69256980965474,,,751341065.8404425,1161762512.5431798,2582792930.0,39899.0,5144220584.0,810659047.60415,1193314465.611355,2582998870.0,43894.0,175186571.0,52051918.48571429,88452075.59851763,155510497.0,3435.0,0,0,0,0,277288,29504,8007255154.142306,17854104.09558906,28.0,1004.0,130.2857142857143,231.99769756835656,53822.93167701865,0,1,0,0,6523,1,0,0,670.0,145.768115942029,112.3030303030303,121.61111111111111,1
13:33:14,3200026104,13814,1348,112.0,0.0,56.0,56.0,56.0,0.0,0.0,0.0,0.0,0.0,112000000.0,,529932058.6941947,825742842.7266495,1743124945.0,42026.0,3199969531.0,555142099.8963925,836689786.6766051,1743076226.0,46731.0,71655955.0,23887305.666666664,41368861.22906107,71655952.0,2982.0,0,0,0,0,276280,26960,7977874331.977547,16837277.80066525,56.0,56.0,56.0,0.0,0.0,0,2,0,0,6628,2,0,0,656.0,84.0,56.0,0.0,1
13:33:15,3038413302,13588,1338,0.0,0.0,0.0,0.0,0.0,0.0,0.0,0.0,0.0,0.0,0.0,,519983192.7322037,809025219.3188248,1678762201.0,44015.0,3038357335.0,539881001.9113997,817351209.5081662,1678713943.0,49157.0,93527311.0,26420547.0,44824226.220095456,84066954.0,2916.0,0,0,0,0,271760,26760,7840724387.1964,16375344.335226111,0.0,0.0,0.0,0.0,0.0,0,2,0,0,6520,2,0,0,652.0,0.0,0.0,0.0,1
13:33:16,2373540371,14308,1374,4304.0,0.0,2152.0,2152.0,2152.0,0.0,0.0,0.0,0.0,0.0,1939632653.0612245,,393464758.64773005,626472070.9730333,1348800452.0,47613.0,2373483744.0,419766342.35555553,640417167.4956784,1348751994.0,52720.0,48794742.0,16267328.0,28169560.781235836,48794735.0,3623.0,0,0,0,0,286160,27480,8568557659.001653,16702246.113060672,2152.0,2152.0,2152.0,0.0,0.0,0,0,0,0,6941,0,0,0,671.0,3228.0,2152.0,0.0,1
13:33:17,2746459780,13920,1416,640.0,0.0,320.0,320.0,320.0,0.0,0.0,0.0,0.0,0.0,640000000.0,,433483478.8401703,670273265.0875238,1440658262.0,45376.0,2746400572.0,465735718.3520923,688711304.0093812,1440606988.0,49569.0,80508867.0,16715554.61904762,27554534.608277246,58593440.0,3780.0,0,0,0,0,278400,28320,8097044947.532408,17345902.86384037,320.0,320.0,320.0,0.0,0.0,0,0,0,0,6714,0,0,0,686.0,480.0,320.0,0.0,1
13:33:18,1838842229,13698,1300,56.0,0.0,28.0,28.0,28.0,0.0,0.0,0.0,0.0,0.0,56000000.0,,272328777.58186257,415436933.2118383,909268234.0,43891.0,1838789040.0,290678914.3393939,422945956.456921,909223002.0,48558.0,82759071.0,27588855.66666667,47778804.546822816,82759067.0,3750.0,0,0,0,0,273960,26000,8240793274.700301,16116689.351934945,28.0,28.0,28.0,0.0,0.0,0,1,0,0,6677,1,0,0,636.0,42.0,28.0,0.0,1
13:33:19,1816476181,13136,1374,0.0,0.0,0.0,0.0,0.0,0.0,0.0,0.0,0.0,0.0,0.0,,252395959.1760462,375257947.86827147,852771845.0,43006.0,1816418234.0,278503879.392785,389405801.9243366,852721943.0,47344.0,3763.0,3763.0,0.0,3763.0,3763.0,0,0,0,0,262720,27480,7830499850.8167,16959591.73411469,0.0,0.0,0.0,0.0,0.0,0,0,0,0,6417,0,0,0,673.0,0.0,0.0,0.0,1
13:33:20,1019853232,12988,1352,112.0,0.0,56.0,56.0,56.0,0.0,0.0,0.0,0.0,0.0,,,158348779.7834166,243217071.18298504,533286405.0,42811.0,1019795443.0,167868141.2176046,247969418.28525722,533235635.0,47084.0,3372.0,3372.0,0.0,3372.0,3372.0,0,0,0,0,259760,27040,7871583635.727609,16615336.49701606,56.0,56.0,56.0,0.0,0.0,0,2,0,0,6400,2,0,0,670.0,84.0,56.0,0.0,1
13:33:21,534239984,12956,1444,4656.0,0.0,2328.0,2328.0,2328.0,0.0,0.0,0.0,0.0,0.0,,,91533992.47619048,146723146.05650955,326589492.0,44996.0,534177425.0,102907889.28571428,156997815.52332655,326535810.0,49847.0,64697948.0,21568642.0,37351072.0455164,64697945.0,3990.0,0,0,0,0,259120,28880,7796861421.900805,16456886.011049056,2328.0,2328.0,2328.0,0.0,0.0,0,2,0,0,6421,2,0,0,718.0,3492.0,2328.0,0.0,1
13:33:22,951960832,12706,1290,536.0,0.0,268.0,268.0,268.0,0.0,0.0,0.0,0.0,0.0,536000000.0,,165396653.12438673,256345981.3977352,532528499.0,42802.0,951906183.0,173652620.2253968,259729773.57499322,532481275.0,47224.0,13889065.0,4631643.666666667,8017121.345037526,13889018.0,2935.0,0,0,0,0,254120,25800,7707090494.894767,15888147.439807763,268.0,268.0,268.0,0.0,0.0,0,1,0,0,6250,1,0,0,638.0,402.0,268.0,0.0,1
13:33:23,1739451727,13068,1390,480.0,0.0,240.0,240.0,240.0,0.0,0.0,0.0,0.0,0.0,323333333.3333334,,392947330.4263305,651978190.2873282,1267326693.0,41849.0,1739393927.0,413702221.27878785,666778566.091814,1267277039.0,46365.0,48725211.0,14216337.933333332,23602062.810385942,42333405.0,3081.0,0,0,0,0,261360,27800,7670988318.821333,18773396.928635128,240.0,240.0,240.0,0.0,0.0,0,0,0,0,6332,0,0,0,685.0,360.0,240.0,0.0,1
13:33:24,1078023183,13167,1340,480.0,0.0,240.0,240.0,240.0,0.0,0.0,0.0,0.0,0.0,,,264137176.24017093,441917148.85971063,837476073.0,45524.0,1077966434.0,276199689.3300866,451595389.49187994,837427362.0,50644.0,13839813.0,4615367.666666666,7988593.602184889,13839801.0,3145.0,0,0,0,0,263376,26824,7653686892.723098,17550789.154203977,240.0,240.0,240.0,0.0,0.0,0,0,0,0,6404,1,1,0,664.0,360.0,240.0,0.0,1
13:33:25,1051112569,13078,1314,480.0,0.0,240.0,240.0,240.0,0.0,0.0,0.0,0.0,0.0,480000000.0,,239956901.83174604,388239121.7577399,736443137.0,46054.0,1051057699.0,245984585.1206349,391371023.0165525,736395587.0,50972.0,50338650.0,10069876.4,15110875.994771391,33923995.0,2684.0,0,0,0,0,261560,26280,7744564526.575287,16275440.821560543,240.0,240.0,240.0,0.0,0.0,0,3,0,0,6372,3,0,0,652.0,360.0,240.0,0.0,1
13:33:26,1043862531,13532,1392,480.0,0.0,240.0,240.0,240.0,0.0,0.0,0.0,0.0,0.0,480000000.0,,232906908.86493507,385444845.67073435,733964476.0,43636.0,1043804059.0,241867418.32698414,389430511.3396556,733913591.0,48394.0,3223.0,3223.0,0.0,3223.0,3223.0,0,0,0,0,270640,27840,8111784677.081403,18478946.004123904,240.0,240.0,240.0,0.0,0.0,0,0,0,0,6619,0,0,0,691.0,360.0,240.0,0.0,1
13:33:27,751453221,13078,1218,480.0,0.0,240.0,240.0,240.0,0.0,0.0,0.0,0.0,0.0,480000000.0,,176648861.41904762,286881113.0940914,547816058.0,44711.0,751402012.0,178508115.30793652,287892432.01700294,547771837.0,49203.0,2847.0,2847.0,0.0,2847.0,2847.0,0,0,0,0,261560,24360,7844352680.080409,15275055.339549934,240.0,240.0,240.0,0.0,0.0,0,0,0,0,6414,0,0,0,608.0,360.0,240.0,0.0,1
13:33:28,625406148,13014,1266,480.0,0.0,240.0,240.0,240.0,0.0,0.0,0.0,0.0,0.0,480000000.0,,134387548.85079366,225683975.41362253,458686432.0,44602.0,625353220.0,146174910.18412697,235950902.49731645,458640907.0,49302.0,3238.0,3238.0,0.0,3238.0,3238.0,0,0,0,0,260280,25320,8047152937.635666,16089521.335632248,240.0,240.0,240.0,0.0,0.0,0,0,0,0,6403,0,0,0,630.0,360.0,240.0,0.0,1
13:33:29,441253574,12842,1292,4384.0,0.0,2192.0,2192.0,2192.0,0.0,0.0,0.0,0.0,0.0,1508800000.0,,93523905.22686203,157374258.3385542,314663541.0,43642.0,441198794.0,104166880.92698413,166018925.37544116,314616126.0,48357.0,8195610.0,2733832.0,4730036.7657801565,8195608.0,2944.0,0,0,0,0,256840,25840,7903260976.346304,16362054.592181966,2192.0,2192.0,2192.0,0.0,0.0,0,0,0,0,6342,0,0,0,642.0,3288.0,2192.0,0.0,1
