,Date_Second, Flow Duration, Total Fwd Packets, Total Backward Packets,Total Length of Fwd Packets, Total Length of Bwd Packets, Fwd Packet Length Max, Fwd Packet Length Min, Fwd Packet Length Mean, Fwd Packet Length Std,Bwd Packet Length Max, Bwd Packet Length Min, Bwd Packet Length Mean, Bwd Packet Length Std,Flow Bytes/s, Flow Packets/s, Flow IAT Mean, Flow IAT Std, Flow IAT Max, Flow IAT Min,Fwd IAT Total, Fwd IAT Mean, Fwd IAT Std, Fwd IAT Max, Fwd IAT Min,Bwd IAT Total, Bwd IAT Mean, Bwd IAT Std, Bwd IAT Max, Bwd IAT Min,Fwd PSH Flags, Bwd PSH Flags, Fwd URG Flags, Bwd URG Flags, Fwd Header Length, Bwd Header Length,Fwd Packets/s, Bwd Packets/s, Min Packet Length, Max Packet Length, Packet Length Mean, Packet Length Std, Packet Length Variance,FIN Flag Count, SYN Flag Count, RST Flag Count, PSH Flag Count, ACK Flag Count, URG Flag Count, CWE Flag Count, ECE Flag Count, Down/Up Ratio, Average Packet Size, Avg Fwd Segment Size, Avg Bwd Segment Size,Label
0,12:36:57,410674361.0,12190.0,194.0,4176474.0,0.0,1174832.0,1085322.0,1126939.6023809523,47091.604303807086,0.0,0.0,0.0,0.0,,,60003627.57526123,93707942.20203026,172125443.0,10434.0,410674361.0,60038915.528168164,93775112.79259093,172125565.0,10434.0,119493866.0,619139.2020725384,1410707.6969710256,5976293.0,0.0,0.0,0.0,0.0,0.0,-11468.0,0.0,2444890971.54637,1.6166672325001985,1085322.0,1174832.0,1120257.6797264656,45028.18902356011,1372136.986123113,0.0,0.0,0.0,0.0,0.0,0.0,0.0,0.0,0.0,1525575.7345238095,1126939.6023809523,0.0,1
1,12:36:58,596132014.0,24866.0,0.0,9008112.0,0.0,2666109.0,2463492.0,2554731.123809524,107900.91804707059,0.0,0.0,0.0,0.0,,,136483090.282861,214947206.48046824,382314554.0,24167.0,596132014.0,136483090.282861,214947206.48046824,382314554.0,24167.0,0.0,0.0,0.0,0.0,0.0,0.0,0.0,0.0,0.0,-24866.0,0.0,5624445567.590193,0.0,2463492.0,2666109.0,2538906.6095238095,102970.75501478818,3107593.352380952,0.0,0.0,0.0,0.0,0.0,0.0,0.0,0.0,0.0,3460784.269047619,2554731.123809524,0.0,1
2,12:36:59,572489895.0,24112.0,0.0,8738880.0,0.0,2604504.0,2410592.0,2498191.8095238097,103431.47837941644,0.0,0.0,0.0,0.0,,,131236141.35843454,207178083.81322083,368293299.0,26796.0,572489895.0,131236141.35843454,207178083.81322083,368293299.0,26796.0,0.0,0.0,0.0,0.0,0.0,0.0,0.0,0.0,0.0,-24112.0,0.0,5510544653.625536,0.0,2410592.0,2604504.0,2482961.8571428573,98694.29598399358,2967073.5047619045,0.0,0.0,0.0,0.0,0.0,0.0,0.0,0.0,0.0,3390722.595238095,2498191.8095238097,0.0,1
3,12:37:00,543988099.0,22810.0,0.0,8266876.0,0.0,2455473.0,2271408.0,2354634.1166666667,98201.04243961074,0.0,0.0,0.0,0.0,,,124471510.12781955,196550310.91206238,349345463.0,24396.0,543988099.0,124471510.12781955,196550310.91206238,349345463.0,24396.0,0.0,0.0,0.0,0.0,0.0,0.0,0.0,0.0,0.0,-22810.0,0.0,5195991378.372015,0.0,2271408.0,2455473.0,2340159.3714285716,93706.60171500371,2818153.745238095,0.0,0.0,0.0,0.0,0.0,0.0,0.0,0.0,0.0,3193612.5083333333,2354634.1166666667,0.0,1
4,12:37:01,435470058.0,18768.0,0.0,6805290.0,0.0,2062488.0,1911034.0,1979318.8357142857,80895.91818316033,0.0,0.0,0.0,0.0,,,101840201.90892616,160879529.5536615,285948082.0,18751.0,435470058.0,101840201.90892616,160879529.5536615,285948082.0,18751.0,0.0,0.0,0.0,0.0,0.0,0.0,0.0,0.0,0.0,-8428.0,0.0,4560788559.193211,0.0,1911034.0,2062488.0,1967396.285714286,77167.18952504593,2332502.883333333,0.0,0.0,0.0,0.0,0.0,0.0,0.0,0.0,0.0,2692270.5154761905,1979318.8357142857,0.0,1
5,12:37:02,396677418.0,16794.0,0.0,6090778.0,0.0,1821362.0,1687909.0,1748415.3,71251.61605009378,0.0,0.0,0.0,0.0,,,90386993.10175438,142893984.53334188,253858646.0,15581.0,396677418.0,90386993.10175438,142893984.53334188,253858646.0,15581.0,0.0,0.0,0.0,0.0,0.0,0.0,0.0,0.0,0.0,270360.0,0.0,4045571188.418826,0.0,1687909.0,1821362.0,1737884.2571428572,67992.41520968293,2042157.4428571425,0.0,0.0,0.0,0.0,0.0,0.0,0.0,0.0,0.0,2377028.6166666667,1748415.3,0.0,1
6,12:37:03,372211909.0,14983.0,11.0,5428904.0,4290.0,1634581.0,1513544.0,1568179.2333333334,64654.61339359578,1073.0,0.0,476.66666666666674,565.2572423242358,,,84593610.7377193,136690938.81340274,249939594.0,12687.0,367207006.0,85662824.95438597,137332884.35039842,246224018.0,12687.0,6303310.0,787914.625,1762617.5820263082,5005015.0,2.0,0.0,0.0,0.0,0.0,171650.0,384.0,3589362250.174422,1.5594118589754005,1513544.0,1635200.0,1558786.612987013,61897.1111803549,2022269.3696969694,0.0,0.0,0.0,0.0,2.0,0.0,0.0,0.0,0.0,2130556.6476190477,1568179.2333333334,476.66666666666674,1
7,12:37:04,356347837.0,15292.0,0.0,5534636.0,0.0,1673591.0,1547486.0,1604045.0,67372.52544322997,0.0,0.0,0.0,0.0,,,85363190.57192983,134920218.06757328,239808830.0,13170.0,356347837.0,85363190.57192983,134920218.06757328,239808830.0,13170.0,0.0,0.0,0.0,0.0,0.0,0.0,0.0,0.0,0.0,3637539.0,0.0,3629151423.726508,0.0,1547486.0,1673591.0,1594136.6857142858,64250.43052835067,1932612.9428571425,0.0,0.0,0.0,0.0,0.0,0.0,0.0,0.0,0.0,2174611.0833333335,1604045.0,0.0,1
8,12:37:05,306330941.0,13282.0,0.0,4816996.0,0.0,1466102.0,1359259.0,1407658.4,57243.72680273494,0.0,0.0,0.0,0.0,,,72273513.37192982,114664738.34744538,203493477.0,11511.0,306330941.0,72273513.37192982,114664738.34744538,203493477.0,11511.0,0.0,0.0,0.0,0.0,0.0,0.0,0.0,0.0,0.0,4755549.0,0.0,3208456067.9043465,0.0,1359259.0,1466102.0,1399155.5714285716,54596.14650177446,1642425.7714285713,0.0,0.0,0.0,0.0,0.0,0.0,0.0,0.0,0.0,1915498.85,1407658.4,0.0,1
9,12:37:06,257296912.0,11112.0,0.0,4034722.0,0.0,1224769.0,1135933.0,1176096.6015873016,47472.07077222887,0.0,0.0,0.0,0.0,,,59672576.833563544,94337799.33554468,167605057.0,8339.0,257296912.0,59672576.833563544,94337799.33554468,167605057.0,8339.0,0.0,0.0,0.0,0.0,0.0,0.0,0.0,0.0,0.0,3976761.0,0.0,2697213161.655543,0.0,1135933.0,1224769.0,1169081.2606516292,45288.977422525655,1369994.4348370926,0.0,0.0,0.0,0.0,0.0,0.0,0.0,0.0,0.0,1601931.0968253969,1176096.6015873016,0.0,1
10,12:37:07,211025502.0,9082.0,0.0,3296090.0,0.0,997166.0,924859.0,957776.2333333333,38790.451176607894,0.0,0.0,0.0,0.0,,,49083502.72268808,78058088.86909968,138512496.0,5297.0,211025502.0,49083502.72268808,78058088.86909968,138512496.0,5297.0,0.0,0.0,0.0,0.0,0.0,0.0,0.0,0.0,0.0,-54195360549.0,0.0,2138660585.9536445,0.0,924859.0,997166.0,951985.5887587823,36998.58844818905,1108320.931381733,0.0,0.0,0.0,0.0,0.0,0.0,0.0,0.0,0.0,1303476.0833333333,957776.2333333333,0.0,1
11,12:37:08,147041111.0,6390.0,0.0,2326546.0,0.0,710201.0,658712.0,682128.8333333334,27620.221055463197,0.0,0.0,0.0,0.0,,,34508598.27017544,54802718.75410104,97263328.0,3369.0,147041111.0,34508598.27017544,54802718.75410104,97263328.0,3369.0,0.0,0.0,0.0,0.0,0.0,0.0,0.0,0.0,0.0,-324127136070.0,0.0,1409333003.7068148,0.0,658712.0,710201.0,678008.0,26344.17232218054,797945.8333333333,0.0,0.0,0.0,0.0,0.0,0.0,0.0,0.0,0.0,929402.25,682128.8333333334,0.0,1
12,12:37:09,123004535.0,5136.0,3.0,1865202.0,0.0,552300.0,511883.0,530205.3,21504.672853864497,0.0,0.0,0.0,0.0,,,27115823.20877193,42683321.34803308,75923670.0,2837.0,123004255.0,27115593.70877193,42683252.7586753,75923392.0,2656.0,2.0,2.0,0.0,2.0,2.0,0.0,0.0,0.0,0.0,581443.0,96.0,1116837370.892341,25388.572376790755,511883.0,552300.0,527044.8285714285,20530.787977031596,621794.5285714285,0.0,0.0,0.0,0.0,0.0,2.0,2.0,0.0,3.0,721441.7,530205.3,0.0,1
13,12:37:10,134091668.0,5161.0,36.0,1858674.0,4378.0,546481.0,504456.0,523259.28745519713,22229.688604506704,976.0,0.0,121.61111111111109,285.69256980965474,,,28418753.23955343,45134509.24241582,81819431.0,2361.0,134091668.0,28606559.7122807,45422981.330605626,82133308.0,2361.0,10062533.0,287500.9428571428,613417.191305105,2412483.0,1.0,0.0,0.0,0.0,0.0,16032.0,1184.0,1047868249.4904141,3.4852124372516537,504456.0,546809.0,520024.76037151704,21292.123143917608,682608.4526262978,0.0,0.0,0.0,0.0,1.0,0.0,0.0,0.0,1.0,708108.4491708126,523259.28745519713,121.61111111111111,1
14,12:37:11,107328844.0,4368.0,0.0,1587246.0,0.0,460823.0,426623.0,442157.13333333336,18144.20578191537,0.0,0.0,0.0,0.0,,,22873265.10877193,35883886.59298279,63952207.0,1877.0,107328844.0,22873265.10877193,35883886.59298279,63952207.0,1877.0,0.0,0.0,0.0,0.0,0.0,0.0,0.0,0.0,0.0,-21254328040.0,0.0,908731824.9877298,0.0,426623.0,460823.0,439499.68571428576,17331.300575472767,525340.6476190476,0.0,0.0,0.0,0.0,0.0,0.0,0.0,0.0,0.0,600691.0333333333,442157.13333333336,0.0,1
15,12:37:12,207950490.0,3646.0,0.0,1338286.0,0.0,378236.0,350118.0,362818.8333333333,14831.53673890631,0.0,0.0,0.0,0.0,,,27931849.358704455,41140346.21464859,88669244.0,1479.0,207950490.0,27931849.358704455,41140346.21464859,88669244.0,1479.0,0.0,0.0,0.0,0.0,0.0,0.0,0.0,0.0,0.0,-353885255725.0,0.0,663849563.5217844,0.0,350118.0,378236.0,360673.3142857143,14174.728266438577,427202.8238095237,0.0,0.0,0.0,0.0,0.0,0.0,0.0,0.0,0.0,491829.1785714286,362818.8333333333,0.0,1
16,12:37:13,95141479.0,4016.0,0.0,1449738.0,0.0,433063.0,400188.0,414830.8,17468.97221442044,0.0,0.0,0.0,0.0,,,22299764.0877193,35033645.269689135,62454386.0,2235.0,95141479.0,22299764.0877193,35033645.269689135,62454386.0,2235.0,0.0,0.0,0.0,0.0,0.0,0.0,0.0,0.0,0.0,83608.0,0.0,749904879.0957336,0.0,400188.0,433063.0,412293.77142857143,16666.394358592166,501158.48571428563,0.0,0.0,0.0,0.0,0.0,0.0,0.0,0.0,0.0,561766.2,414830.8,0.0,1
17,12:37:14,123125821.0,4222.0,14.0,1532124.0,0.0,485201.0,451079.0,466706.23333333334,18514.47403194511,0.0,0.0,0.0,0.0,,,25048111.014035087,41743726.75986361,82780970.0,2479.0,91714676.0,23409000.14035088,37709566.68800477,66704685.0,2479.0,31506831.0,2423602.384615385,4767668.209715058,16128029.0,1.0,0.0,0.0,0.0,0.0,46804.0,560.0,952695077.43269,0.4443474920535593,451079.0,485201.0,463884.9428571429,17636.63685747442,524006.02380952373,0.0,0.0,0.0,0.0,1.0,0.0,0.0,0.0,2.0,636947.85,466706.23333333334,0.0,1
18,12:37:15,60358655.0,2689.0,24.0,975136.0,2834.0,313021.0,292150.0,301324.00476190477,11022.61410144176,976.0,0.0,118.08333333333331,275.46970427075,,,13815795.163317384,21972206.171651397,40690247.0,1769.0,60358655.0,13909447.30877193,22163234.452245913,40875359.0,1769.0,3292680.0,143160.0,445720.41955967713,2157124.0,1.0,0.0,0.0,0.0,0.0,39076.0,784.0,473476494.221008,6.9891132911967455,292150.0,313557.0,299756.3801242236,10606.560249088212,361567.96252587985,0.0,0.0,0.0,0.0,1.0,0.0,0.0,0.0,1.0,414733.56666666665,301324.00476190477,118.08333333333331,1
19,12:37:16,50330261.0,2328.0,0.0,879818.0,0.0,285357.0,266135.0,274980.1666666667,10461.226025739099,0.0,0.0,0.0,0.0,169867607650.4079,394754361.64046055,12918959.042105263,20861911.116250932,36871358.0,1413.0,50330261.0,12918959.042105263,20861911.116250932,36871358.0,1413.0,0.0,0.0,0.0,0.0,0.0,0.0,0.0,0.0,0.0,81426.0,0.0,394754361.64046055,0.0,266135.0,285357.0,273374.8285714286,9963.398108748579,300816.73809523805,0.0,0.0,0.0,0.0,0.0,0.0,0.0,0.0,0.0,377507.4166666667,274980.1666666667,0.0,1
20,12:37:17,62970711.0,1578.0,13.0,589658.0,4290.0,190959.0,178306.0,183883.56666666668,6734.437789573801,1073.0,0.0,476.66666666666674,565.2572423242358,95388273833.0464,221910759.0046612,12440123.365317138,23801610.495321363,51819201.0,1187.0,57965835.0,14186858.04562017,24990279.479072265,47238973.0,1187.0,5441148.0,680147.875,1753777.9805011512,5004995.0,7.0,0.0,0.0,0.0,0.0,129952.0,464.0,221910757.01372975,1.990931419658566,178306.0,191530.0,183050.7441875198,6618.681564162866,365823.09335867385,0.0,0.0,0.0,0.0,3.0,0.0,0.0,0.0,0.0,253657.08809523808,183883.56666666668,476.66666666666674,1
21,12:37:18,38638297.0,1668.0,3.0,605346.0,0.0,184250.0,170108.0,176487.06666666668,7593.577716835235,0.0,0.0,0.0,0.0,,,9522127.405263158,15132486.165822221,26853220.0,1344.0,38637949.0,9521841.905263158,15132402.02011526,26852875.0,1118.0,3.0,3.0,0.0,3.0,3.0,0.0,0.0,0.0,0.0,41896.0,96.0,180020917.32329118,20484.304932735424,170108.0,184250.0,175356.74285714288,7238.861667416724,218496.19047619044,0.0,0.0,0.0,0.0,0.0,2.0,2.0,0.0,3.0,238926.93333333332,176487.06666666668,0.0,1
22,12:37:19,23851111.0,1092.0,5.0,397782.0,0.0,125067.0,117602.0,121148.3,4066.694408428152,0.0,0.0,0.0,0.0,,,5313758.551282051,8631499.754818458,15167486.0,778.0,23718667.0,5247681.717948718,8538069.684355656,15035172.0,773.0,748.0,375.0,523.2590180780452,745.0,5.0,0.0,0.0,0.0,0.0,24640.0,160.0,155506012.3546412,3459.5175642237527,117602.0,125067.0,120512.07665505227,3877.791077260549,112553.8613240418,0.0,0.0,0.0,0.0,0.0,2.0,2.0,0.0,5.0,167575.95,121148.3,0.0,1
23,12:37:20,8349394.0,368.0,5.0,134812.0,0.0,42507.0,39559.0,40901.76666666667,1589.8032795513295,0.0,0.0,0.0,0.0,19008296308.59013,47672829.42398139,2123880.2596491226,3367167.866094243,5898377.0,259.0,8072127.0,1985399.2596491228,3171319.183848569,5621215.0,253.0,819.0,411.0,572.7564927611035,816.0,6.0,0.0,0.0,0.0,0.0,5760.0,160.0,47669543.49830997,3285.925671417399,39559.0,42507.0,40662.31428571429,1515.3251814311307,45621.480952380945,0.0,0.0,0.0,0.0,0.0,2.0,2.0,0.0,5.0,55956.15,40901.76666666667,0.0,1
24,12:37:21,121613632.0,388.0,0.0,150716.0,0.0,41689.0,38841.0,40101.53333333333,1491.1123842571512,0.0,0.0,0.0,0.0,17925901531.796173,46834948.16947123,14428440.640935672,20016632.513665613,50361664.0,256.0,121613632.0,14428440.640935672,20016632.513665613,50361664.0,256.0,0.0,0.0,0.0,0.0,0.0,0.0,0.0,0.0,0.0,12632.0,0.0,46834948.16947122,0.0,38841.0,41689.0,39890.65714285715,1425.175621782988,42797.238095238084,0.0,0.0,0.0,0.0,0.0,0.0,0.0,0.0,0.0,54330.8,40101.53333333333,0.0,1
25,12:37:22,15133384.0,686.0,3.0,247006.0,0.0,77381.0,71908.0,74357.6,2936.3933133239157,0.0,0.0,0.0,0.0,32780526762.011547,85244933.94345297,3842994.854385965,6119508.056656298,10866728.0,653.0,15133114.0,3842775.354385965,6119440.881512086,10866461.0,481.0,3.0,3.0,0.0,3.0,3.0,0.0,0.0,0.0,0.0,22338.0,96.0,85219214.80349164,25719.139961333418,71908.0,77381.0,73923.3142857143,2798.381983260148,82211.4,0.0,0.0,0.0,0.0,0.0,2.0,2.0,0.0,3.0,101225.65,74357.6,0.0,1
26,12:37:23,11183029.0,558.0,0.0,204492.0,0.0,67897.0,63858.0,65674.26666666666,2167.846345314485,0.0,0.0,0.0,0.0,33291209182.49367,85335821.97467908,2793428.9789473685,4446643.5411911765,7894564.0,419.0,11183029.0,2793428.9789473685,4446643.5411911765,7894564.0,419.0,0.0,0.0,0.0,0.0,0.0,0.0,0.0,0.0,0.0,108282.0,0.0,85335821.97467907,0.0,63858.0,67897.0,65352.45714285714,2066.343078007389,60714.5238095238,0.0,0.0,0.0,0.0,0.0,0.0,0.0,0.0,0.0,90959.31666666667,65674.26666666666,0.0,1
27,12:37:24,7151044.0,308.0,0.0,112048.0,0.0,33844.0,31368.0,32537.533333333333,1346.0709043686788,0.0,0.0,0.0,0.0,14105516919.906425,37001453.219743304,1597294.2385964913,2573065.8261647676,4544336.0,217.0,7151044.0,1597294.2385964913,2573065.8261647676,4544336.0,217.0,0.0,0.0,0.0,0.0,0.0,0.0,0.0,0.0,0.0,11235.0,0.0,37001453.2197433,0.0,31368.0,33844.0,32328.34285714286,1283.8957311075505,39982.86666666666,0.0,0.0,0.0,0.0,0.0,0.0,0.0,0.0,0.0,44441.3,32537.533333333333,0.0,1
28,12:37:25,2617376.0,116.0,0.0,42108.0,0.0,12935.0,12206.0,12553.6,391.8664284985549,0.0,0.0,0.0,0.0,6378167712.324618,16667145.6519096,538401.796491228,867963.7332104037,1529317.0,83.0,2617376.0,538401.796491228,867963.7332104037,1529317.0,83.0,0.0,0.0,0.0,0.0,0.0,0.0,0.0,0.0,0.0,0.0,0.0,16667145.651909597,0.0,12206.0,12935.0,12493.428571428572,374.5389716876822,10562.314285714285,0.0,0.0,0.0,0.0,0.0,0.0,0.0,0.0,0.0,17399.4,12553.6,0.0,1
29,12:37:26,3907257.0,116.0,0.0,43320.0,0.0,9331.0,8471.0,8840.2,419.03511680069124,0.0,0.0,0.0,0.0,3618469960.0130243,7333720.545867904,546291.2877192983,769364.1476350602,1408417.0,52.0,3907257.0,546291.2877192983,769364.1476350602,1408417.0,52.0,0.0,0.0,0.0,0.0,0.0,0.0,0.0,0.0,0.0,2340.0,0.0,7333720.545867903,0.0,8471.0,9331.0,8789.685714285715,404.0845738640709,12797.657142857139,0.0,0.0,0.0,0.0,0.0,0.0,0.0,0.0,0.0,11705.3,8840.2,0.0,1
30,12:37:27,5452769.0,306.0,0.0,109970.0,0.0,38353.0,36406.0,37277.166666666664,1045.5736442638758,0.0,0.0,0.0,0.0,20601787079.204857,55001300.61837181,1447168.0666666667,2304894.7550864033,4090587.0,246.0,5452769.0,1447168.0666666667,2304894.7550864033,4090587.0,246.0,0.0,0.0,0.0,0.0,0.0,0.0,0.0,0.0,0.0,47190.0,0.0,55001300.61837181,0.0,36406.0,38353.0,37121.31428571429,996.4045931021415,27577.64285714285,0.0,0.0,0.0,0.0,0.0,0.0,0.0,0.0,0.0,52042.583333333336,37277.166666666664,0.0,1
31,12:37:28,10977109.0,504.0,0.0,182190.0,0.0,57423.0,53428.0,55246.6,2160.838732345738,0.0,0.0,0.0,0.0,23214397512.26673,60335887.69527331,2808755.701754386,4518527.473921592,7987401.0,368.0,10977109.0,2808755.701754386,4518527.473921592,7987401.0,368.0,0.0,0.0,0.0,0.0,0.0,0.0,0.0,0.0,0.0,177128.0,0.0,60335887.6952733,0.0,53428.0,57423.0,54920.0,2058.6691637603294,59993.48571428571,0.0,0.0,0.0,0.0,0.0,0.0,0.0,0.0,0.0,75318.65,55246.6,0.0,1
32,12:37:29,1074360.0,124.0,6.0,46398.0,0.0,19918.0,19460.0,19671.0,251.46490380816698,0.0,0.0,0.0,0.0,13382432908.375032,33091213.36558281,300454.73333333334,488191.23185529915,859096.0,382.0,1073902.0,300101.73333333334,488051.2247126242,858644.0,128.0,6.0,6.0,0.0,6.0,6.0,0.0,0.0,0.0,0.0,26104.0,192.0,33036097.155627888,55116.209954919635,19460.0,19918.0,19631.885714285716,239.22007792189657,7350.085714285713,0.0,0.0,0.0,0.0,0.0,4.0,4.0,0.0,6.0,28691.916666666668,19671.0,0.0,1
33,12:37:30,436912.0,24.0,0.0,8586.0,0.0,2990.0,2820.0,2896.0,91.66878602189558,0.0,0.0,0.0,0.0,1591035361.3886175,4333434.154535028,116448.0,185774.39371532676,327946.0,20.0,436912.0,116448.0,185774.39371532676,327946.0,20.0,0.0,0.0,0.0,0.0,0.0,0.0,0.0,0.0,0.0,912.0,0.0,4333434.154535027,0.0,2820.0,2990.0,2882.342857142857,87.2944080681435,2630.742857142857,0.0,0.0,0.0,0.0,0.0,0.0,0.0,0.0,0.0,4035.666666666667,2896.0,0.0,1
34,12:37:31,436799.0,28.0,0.0,14386.0,0.0,5890.0,5720.0,5796.0,91.66878602189558,0.0,0.0,0.0,0.0,3463702036.17502,5333434.178031658,116425.66666666667,185729.3806539267,327881.0,26.0,436799.0,116425.66666666667,185729.3806539267,327881.0,26.0,0.0,0.0,0.0,0.0,0.0,0.0,0.0,0.0,0.0,1120.0,0.0,5333434.178031657,0.0,5720.0,5890.0,5782.342857142858,87.2944080681435,2630.742857142857,0.0,0.0,0.0,0.0,0.0,0.0,0.0,0.0,0.0,8385.666666666666,5796.0,0.0,1
35,12:37:32,2251380.0,102.0,0.0,36874.0,0.0,11556.0,10667.0,11066.5,480.86059060787335,0.0,0.0,0.0,0.0,4141527470.972312,10667217.822885282,607157.4666666667,973646.2746350046,1725439.0,74.0,2251380.0,607157.4666666667,973646.2746350046,1725439.0,74.0,0.0,0.0,0.0,0.0,0.0,0.0,0.0,0.0,0.0,4000.0,0.0,10667217.82288528,0.0,10667.0,11556.0,10994.314285714287,457.83322008341895,13610.014285714284,0.0,0.0,0.0,0.0,0.0,0.0,0.0,0.0,0.0,14958.5,11066.5,0.0,1
36,12:37:33,17459690.0,69.0,11.0,20906.0,4290.0,5869.0,5057.0,5359.916666666667,397.2786861188468,1073.0,0.0,476.66666666666674,565.2572423242358,2644057808.743895,7000164.020478429,2255223.5,5780920.433706972,16229655.0,38.0,12454867.0,2911086.556060606,5759437.169074691,11613851.0,39.0,5410113.0,676265.0,1754315.17356619,5004993.0,3.0,0.0,0.0,0.0,0.0,2240.0,384.0,7000162.1695799595,1.8508984692868244,5057.0,6433.0,5460.167456073339,577.4340744632806,184617.4176343265,0.0,0.0,0.0,0.0,2.0,0.0,0.0,0.0,0.0,7527.5952380952385,5359.916666666667,476.66666666666674,1
37,12:37:34,1190565.0,40.0,0.0,15000.0,0.0,3595.0,3459.0,3521.766666666667,57.024958954873156,0.0,0.0,0.0,0.0,2537351376.4201984,6333383.3626944125,92335.1052631579,111499.2427988514,211401.0,21.0,1190565.0,92335.1052631579,111499.2427988514,211401.0,21.0,0.0,0.0,0.0,0.0,0.0,0.0,0.0,0.0,0.0,1280.0,0.0,6333383.3626944125,0.0,3459.0,3595.0,3516.714285714286,56.58732363488992,1612.6809523809507,0.0,0.0,0.0,0.0,0.0,0.0,0.0,0.0,0.0,4994.15,3521.766666666667,0.0,1
38,12:37:35,2044056.0,66.0,0.0,23880.0,0.0,5402.0,4938.0,5146.766666666666,233.4343277683888,0.0,0.0,0.0,0.0,1792757683.386874,4666922.626465014,320822.449122807,475911.81719000114,856144.0,37.0,2044056.0,320822.449122807,475911.81719000114,856144.0,37.0,0.0,0.0,0.0,0.0,0.0,0.0,0.0,0.0,0.0,2112.0,0.0,4666922.626465014,0.0,4938.0,5402.0,5115.6,224.60346908111492,6492.566666666665,0.0,0.0,0.0,0.0,0.0,0.0,0.0,0.0,0.0,6811.566666666667,5146.766666666666,0.0,1
39,12:37:36,3419169.0,150.0,0.0,53876.0,0.0,16439.0,15269.0,15760.333333333334,606.3044184989645,0.0,0.0,0.0,0.0,6379571896.673786,16667348.944737166,827132.8666666667,1262545.1598277637,2265572.0,112.0,3419169.0,827132.8666666667,1262545.1598277637,2265572.0,112.0,0.0,0.0,0.0,0.0,0.0,0.0,0.0,0.0,0.0,4800.0,0.0,16667348.944737164,0.0,15269.0,16439.0,15678.428571428572,578.8915021760351,16662.190476190473,0.0,0.0,0.0,0.0,0.0,0.0,0.0,0.0,0.0,21386.666666666668,15760.333333333334,0.0,1
40,12:37:37,2156096.0,106.0,0.0,39432.0,0.0,12869.0,12202.0,12530.266666666666,363.59795189456435,0.0,0.0,0.0,0.0,6566971653.608734,16833719.087631103,414161.14385964914,668757.7891167912,1177481.0,86.0,2156096.0,414161.14385964914,668757.7891167912,1177481.0,86.0,0.0,0.0,0.0,0.0,0.0,0.0,0.0,0.0,0.0,-56324103979.0,0.0,16833719.087631103,0.0,12202.0,12869.0,12472.114285714286,347.4280016701331,11011.38095238095,0.0,0.0,0.0,0.0,0.0,0.0,0.0,0.0,0.0,17636.316666666666,12530.266666666666,0.0,1
41,12:37:38,1451695.0,42.0,3.0,14448.0,0.0,2701.0,2451.0,2568.1,121.79640929706494,0.0,0.0,0.0,0.0,1034040028.8969432,4175400.8431338854,177457.05263157896,256830.062944357,468928.0,250.0,1451461.0,177224.05263157896,256830.062944357,468695.0,17.0,1.0,1.0,0.0,1.0,1.0,0.0,0.0,0.0,0.0,-6376312698.0,96.0,3171090.498306299,1004310.3448275862,2451.0,2701.0,2552.4857142857145,117.99829335044238,3573.471428571427,0.0,0.0,0.0,0.0,0.0,2.0,2.0,0.0,3.0,3378.8166666666666,2568.1,0.0,1
43,12:37:40,2303953.0,76.0,0.0,65174.0,0.0,21731.0,21571.0,21653.2,60.255246550338725,0.0,0.0,0.0,0.0,8653660525.799837,6400162.378136572,216126.43859649124,307125.30179381615,559306.0,62.0,2303953.0,216126.43859649124,307125.30179381615,559306.0,62.0,0.0,0.0,0.0,0.0,0.0,0.0,0.0,0.0,0.0,2432.0,0.0,6400162.378136572,0.0,21571.0,21731.0,21649.285714285714,61.407770564597776,1885.4571428571412,0.0,0.0,0.0,0.0,0.0,0.0,0.0,0.0,0.0,31045.8,21653.2,0.0,1
44,12:37:41,1972341.0,60.0,0.0,41782.0,0.0,14451.0,14291.0,14373.2,60.255246550338725,0.0,0.0,0.0,0.0,6583414687.460316,5200040.561889854,103846.26315789473,112435.67623612673,221346.0,45.0,1972341.0,103846.26315789473,112435.67623612673,221346.0,45.0,0.0,0.0,0.0,0.0,0.0,0.0,0.0,0.0,0.0,1920.0,0.0,5200040.561889854,0.0,14291.0,14451.0,14369.285714285714,61.407770564597776,1885.4571428571412,0.0,0.0,0.0,0.0,0.0,0.0,0.0,0.0,0.0,21229.8,14373.2,0.0,1
46,12:37:43,4302575.0,186.0,3.0,66314.0,0.0,20047.0,18347.0,19107.0,916.6878602189558,0.0,0.0,0.0,0.0,6463361401.528596,16704973.660507316,1146507.8333333333,1828988.09653909,3244663.0,260.0,4302308.0,1146309.3333333333,1828892.63712363,3244397.0,129.0,1.0,1.0,0.0,1.0,1.0,0.0,0.0,0.0,0.0,3424.0,96.0,16682682.81266902,22290.847838293095,18347.0,20047.0,18970.428571428572,872.944080681435,26307.42857142857,0.0,0.0,0.0,0.0,0.0,2.0,2.0,0.0,3.0,25560.5,19107.0,0.0,1
47,12:37:44,27.0,22.0,0.0,8454.0,0.0,4227.0,4227.0,4227.0,0.0,0.0,0.0,0.0,0.0,3584000000.0,9333333.333333334,27.0,0.0,27.0,27.0,27.0,27.0,0.0,27.0,27.0,0.0,0.0,0.0,0.0,0.0,0.0,0.0,0.0,0.0,704.0,0.0,9333333.333333332,0.0,4227.0,4227.0,4227.0,0.0,0.0,0.0,0.0,0.0,0.0,0.0,0.0,0.0,0.0,0.0,6340.5,4227.0,0.0,1
49,12:37:46,862053.0,50.0,0.0,18242.0,0.0,6490.0,6124.0,6298.0,204.82943878306222,0.0,0.0,0.0,0.0,3076755442.5646963,8000250.938390073,258426.3333333333,431794.74277723924,755070.0,43.0,862053.0,258426.3333333333,431794.74277723924,755070.0,43.0,0.0,0.0,0.0,0.0,0.0,0.0,0.0,0.0,0.0,1856.0,0.0,8000250.938390072,0.0,6124.0,6490.0,6264.742857142857,194.64802933915604,5631.942857142857,0.0,0.0,0.0,0.0,0.0,0.0,0.0,0.0,0.0,8758.0,6298.0,0.0,1
52,12:37:49,300488.0,22.0,0.0,8426.0,0.0,3181.0,3078.0,3123.166666666667,54.0327983316162,0.0,0.0,0.0,0.0,1861358909.3435273,4666736.573258424,73455.86666666667,112656.75708558533,200451.0,20.0,300488.0,73455.86666666667,112656.75708558533,200451.0,20.0,0.0,0.0,0.0,0.0,0.0,0.0,0.0,0.0,0.0,880.0,0.0,4666736.573258424,0.0,3078.0,3181.0,3115.3714285714286,51.62639855533384,1332.65238095238,0.0,0.0,0.0,0.0,0.0,0.0,0.0,0.0,0.0,4462.75,3123.166666666667,0.0,1
53,12:37:50,200697.0,24.0,0.0,9352.0,0.0,3991.0,3935.0,3956.666666666667,26.89733567970379,0.0,0.0,0.0,0.0,3068344087.0395746,7666696.5657572355,40157.0,54953.46202469868,100373.0,24.0,200697.0,40157.0,54953.46202469868,100373.0,24.0,0.0,0.0,0.0,0.0,0.0,0.0,0.0,0.0,0.0,960.0,0.0,7666696.5657572355,0.0,3935.0,3991.0,3953.5714285714284,25.883438352591032,669.9523809523802,0.0,0.0,0.0,0.0,0.0,0.0,0.0,0.0,0.0,5811.5,3956.666666666667,0.0,1
55,12:37:52,200696.0,16.0,0.0,8174.0,0.0,3402.0,3346.0,3367.666666666667,26.89733567970379,0.0,0.0,0.0,0.0,2024677419.9978075,3833363.2313809907,40150.4,54956.291298631135,100365.0,16.0,200696.0,40150.4,54956.291298631135,100365.0,16.0,0.0,0.0,0.0,0.0,0.0,0.0,0.0,0.0,0.0,320.0,0.0,3833363.2313809907,0.0,3346.0,3402.0,3364.5714285714284,25.883438352591032,669.9523809523802,0.0,0.0,0.0,0.0,0.0,0.0,0.0,0.0,0.0,4928.0,3367.666666666667,0.0,1
56,12:37:53,5536288.0,38.0,7.0,12798.0,2146.0,4739.0,3631.0,3934.416666666667,520.100812762397,1073.0,0.0,306.57142857142856,523.570389136888,1897033696.145703,5000096.718215148,478180.39523809525,1515873.522126236,5325183.0,28.0,531431.0,120842.75238095238,178804.7136267951,321625.0,28.0,5006883.0,834480.5,2043148.6286643709,5005040.0,2.0,0.0,0.0,0.0,0.0,872.0,240.0,5000095.320168777,1.3980463700025585,3631.0,4871.0,3940.0642857142857,532.494145311465,206227.79523809522,0.0,0.0,0.0,0.0,1.0,0.0,0.0,0.0,0.0,5482.2,3934.416666666667,306.57142857142856,1
57,12:37:54,439994.0,20.0,0.0,7040.0,0.0,2217.0,2047.0,2123.0,91.66878602189558,0.0,0.0,0.0,0.0,951035071.8324803,2666766.6641474366,117340.4,187255.41794257055,330017.0,15.0,439994.0,117340.4,187255.41794257055,330017.0,15.0,0.0,0.0,0.0,0.0,0.0,0.0,0.0,0.0,0.0,640.0,0.0,2666766.6641474366,0.0,2047.0,2217.0,2109.342857142857,87.2944080681435,2630.742857142857,0.0,0.0,0.0,0.0,0.0,0.0,0.0,0.0,0.0,2876.166666666667,2123.0,0.0,1
60,12:37:58,418472.0,28.0,3.0,9500.0,0.0,3409.0,3255.0,3325.666666666667,83.4776620602871,0.0,0.0,0.0,0.0,2536036665.675764,6706727.339494041,112917.6,180679.76697676742,318420.0,198.0,418188.0,112685.6,180607.64208508638,318137.0,17.0,1.0,1.0,0.0,1.0,1.0,0.0,0.0,0.0,0.0,896.0,96.0,6681941.014707716,24786.324786324785,3255.0,3409.0,3312.7714285714287,79.56024898809731,2170.55238095238,0.0,0.0,0.0,0.0,0.0,2.0,2.0,0.0,3.0,4676.5,3325.666666666667,0.0,1
61,12:37:59,502551.0,54.0,0.0,21094.0,0.0,5235.0,4997.0,5130.0,97.55296061741993,0.0,0.0,0.0,0.0,6446210154.067319,16000533.983998919,89474.96363636364,120478.12084456421,221971.0,15.0,502551.0,89474.96363636364,120478.12084456421,221971.0,15.0,0.0,0.0,0.0,0.0,0.0,0.0,0.0,0.0,0.0,1728.0,0.0,16000533.983998919,0.0,4997.0,5235.0,5116.912087912088,100.48742994190452,2526.750915750914,0.0,0.0,0.0,0.0,0.0,0.0,0.0,0.0,0.0,7109.0,5130.0,0.0,1
62,12:38:00,303484.0,40.0,0.0,15670.0,0.0,3208.0,3026.0,3137.333333333333,70.65562493771613,0.0,0.0,0.0,0.0,1455529458.210358,3667162.521282503,49465.854545454546,65679.11638544033,122656.0,20.0,303484.0,49465.854545454546,65679.11638544033,122656.0,20.0,0.0,0.0,0.0,0.0,0.0,0.0,0.0,0.0,0.0,1280.0,0.0,3667162.5212825025,0.0,3026.0,3208.0,3127.3406593406594,74.6039915893135,1856.7985347985336,0.0,0.0,0.0,0.0,0.0,0.0,0.0,0.0,0.0,4243.5,3137.333333333333,0.0,1
64,12:38:02,305588.0,76.0,0.0,30168.0,0.0,3258.0,2880.0,3148.9999999999995,131.27486777403703,0.0,0.0,0.0,0.0,626229145.2509079,1668080.5215076585,27785.272727272728,31964.170239179773,64510.0,18.0,305588.0,27785.272727272728,31964.170239179773,64510.0,18.0,0.0,0.0,0.0,0.0,0.0,0.0,0.0,0.0,0.0,2432.0,0.0,1668080.5215076583,0.0,2880.0,3258.0,3128.3076923076924,146.16165971016738,3560.538461538461,0.0,0.0,0.0,0.0,0.0,0.0,0.0,0.0,0.0,3706.5,3148.9999999999995,0.0,1
66,12:38:09,577544.0,28.0,0.0,12510.0,0.0,4633.0,4450.0,4523.5,92.69357978101993,0.0,0.0,0.0,0.0,2381696428.805866,5000085.872621539,131454.8,194577.4124356628,357542.0,24.0,577544.0,131454.8,194577.4124356628,357542.0,24.0,0.0,0.0,0.0,0.0,0.0,0.0,0.0,0.0,0.0,896.0,0.0,5000085.872621539,0.0,4450.0,4633.0,4511.885714285714,88.59637460797592,2716.585714285714,0.0,0.0,0.0,0.0,0.0,0.0,0.0,0.0,0.0,6453.833333333334,4523.5,0.0,1
67,12:38:10,5473925.0,28.0,7.0,7834.0,2146.0,2614.0,2047.0,2222.25,275.44407582674705,1073.0,0.0,306.57142857142856,523.570389136888,760533262.205548,2166762.8408698374,483011.76666666666,1538304.9905401801,5362743.0,17.0,468987.0,125594.12380952382,200929.19118681853,358405.0,17.0,5005934.0,834322.3333333333,2043224.5708818857,5005037.0,2.0,0.0,0.0,0.0,0.0,912.0,240.0,2166761.442555924,1.3983139130836038,2047.0,3290.0,2293.092857142857,459.46381393953794,141140.80952380953,0.0,0.0,0.0,0.0,1.0,0.0,0.0,0.0,0.0,3072.166666666667,2222.25,306.57142857142856,1
68,12:38:11,5354615.0,26.0,7.0,7474.0,2146.0,2762.0,2153.0,2329.0,290.42312936914,1073.0,0.0,306.57142857142856,523.570389136888,1137021655.6241126,3000062.681128131,443212.3666666667,1469348.0741659955,5243297.0,16.0,349702.0,85807.29523809525,132021.63889057003,239095.0,18.0,5006049.0,834341.5,2043201.4687813583,5005009.0,1.0,0.0,0.0,0.0,0.0,848.0,240.0,3000061.2828494124,1.3982787188970378,2153.0,3357.0,2393.6178571428572,445.25066355175306,146056.15952380953,0.0,0.0,0.0,0.0,1.0,0.0,0.0,0.0,0.0,3304.4666666666667,2329.0,306.57142857142856,1
69,12:38:12,5201243.0,36.0,14.0,7112.0,0.0,2253.0,2083.0,2159.0,91.66878602189558,0.0,0.0,0.0,0.0,1176032632.0230696,3333441.5250965063,454894.2717948718,1026824.2564950614,3346301.0,19.0,5201243.0,801715.0571428571,1896833.685269588,4878386.0,19.0,4133722.0,650202.4,1244421.1310873905,3038444.0,4.0,0.0,0.0,0.0,0.0,1248.0,560.0,3333434.700298068,6.824798437829782,2083.0,2253.0,2145.342857142857,87.2944080681435,2630.742857142857,0.0,0.0,0.0,0.0,2.0,0.0,0.0,0.0,1.0,2930.166666666667,2159.0,0.0,1
70,12:38:13,1557444.0,18.0,4.0,5106.0,0.0,1897.0,1799.0,1848.0,56.580326380583315,0.0,0.0,0.0,0.0,1010023594.9783763,2666739.6704295967,268028.4761904762,521553.2943016005,1260159.0,16.0,1557444.0,519152.66666666674,899171.082738615,1557426.0,16.0,1021135.0,340378.3333333334,589547.3709765258,1021129.0,3.0,0.0,0.0,0.0,0.0,440.0,160.0,2666736.6364536164,3.033975980012166,1799.0,1897.0,1838.2,53.67681063550628,1500.6,0.0,0.0,0.0,0.0,1.0,0.0,0.0,0.0,1.0,2583.5,1848.0,0.0,1
71,12:38:14,38.0,28.0,0.0,37408.0,0.0,18704.0,18704.0,18704.0,0.0,0.0,0.0,0.0,0.0,14432000000.0,10666666.666666666,38.0,0.0,38.0,38.0,38.0,38.0,0.0,38.0,38.0,0.0,0.0,0.0,0.0,0.0,0.0,0.0,0.0,0.0,720.0,0.0,10666666.666666664,0.0,18704.0,18704.0,18704.0,0.0,0.0,0.0,0.0,0.0,0.0,0.0,0.0,0.0,0.0,0.0,28056.0,18704.0,0.0,1
72,12:38:15,313.0,24.0,3.0,30480.0,0.0,15240.0,15240.0,15240.0,0.0,0.0,0.0,0.0,0.0,11560000000.0,8538654.93400377,257.5,75.6604255869606,311.0,204.0,30.0,30.0,0.0,30.0,30.0,2.0,2.0,0.0,2.0,2.0,0.0,0.0,0.0,0.0,680.0,96.0,8514822.96249738,23831.971506390102,15240.0,15240.0,15240.0,0.0,0.0,0.0,0.0,0.0,0.0,0.0,2.0,2.0,0.0,3.0,22860.0,15240.0,0.0,1
73,12:38:16,200762.0,50.0,3.0,61714.0,0.0,30172.0,30116.0,30137.666666666668,26.89733567970379,0.0,0.0,0.0,0.0,24380677435.344685,17368779.94071738,40385.2,54957.38657437098,100755.0,252.0,200450.0,40133.2,54876.776401315714,100446.0,57.0,3.0,3.0,0.0,3.0,3.0,0.0,0.0,0.0,0.0,1600.0,96.0,17346904.940717377,21875.0,30116.0,30172.0,30134.571428571428,25.883438352591032,669.9523809523802,0.0,0.0,0.0,0.0,0.0,2.0,2.0,0.0,3.0,45083.0,30137.666666666668,0.0,1
74,12:38:17,49.0,36.0,0.0,42530.0,0.0,21265.0,21265.0,21265.0,0.0,0.0,0.0,0.0,0.0,16276333333.333332,13666666.666666666,49.0,0.0,49.0,49.0,49.0,49.0,0.0,49.0,49.0,0.0,0.0,0.0,0.0,0.0,0.0,0.0,0.0,0.0,1152.0,0.0,13666666.666666664,0.0,21265.0,21265.0,21265.0,0.0,0.0,0.0,0.0,0.0,0.0,0.0,0.0,0.0,0.0,0.0,31897.5,21265.0,0.0,1
76,12:38:22,17.0,12.0,0.0,11238.0,0.0,5619.0,5619.0,5619.0,0.0,0.0,0.0,0.0,0.0,3867166666.666667,4500000.0,17.0,0.0,17.0,17.0,17.0,17.0,0.0,17.0,17.0,0.0,0.0,0.0,0.0,0.0,0.0,0.0,0.0,0.0,384.0,0.0,4500000.0,0.0,5619.0,5619.0,5619.0,0.0,0.0,0.0,0.0,0.0,0.0,0.0,0.0,0.0,0.0,0.0,8428.5,5619.0,0.0,1
78,12:38:26,655749.0,30.0,0.0,12702.0,0.0,4401.0,4159.0,4262.0,126.75724566320785,0.0,0.0,0.0,0.0,2603044851.1169868,4333461.581093317,160209.8,245689.91369342004,437710.0,21.0,655749.0,160209.8,245689.91369342004,437710.0,21.0,0.0,0.0,0.0,0.0,0.0,0.0,0.0,0.0,0.0,960.0,0.0,4333461.581093317,0.0,4159.0,4401.0,4244.4857142857145,120.91200550078071,3760.8857142857137,0.0,0.0,0.0,0.0,0.0,0.0,0.0,0.0,0.0,5964.833333333334,4262.0,0.0,1
79,12:38:27,17.0,12.0,0.0,14292.0,0.0,7146.0,7146.0,7146.0,0.0,0.0,0.0,0.0,0.0,5215000000.0,4333333.333333333,17.0,0.0,17.0,17.0,17.0,17.0,0.0,17.0,17.0,0.0,0.0,0.0,0.0,0.0,0.0,0.0,0.0,0.0,384.0,0.0,4333333.333333332,0.0,7146.0,7146.0,7146.0,0.0,0.0,0.0,0.0,0.0,0.0,0.0,0.0,0.0,0.0,0.0,10719.0,7146.0,0.0,1
82,12:38:31,21724981.0,29.0,11.0,12898.0,4290.0,6061.0,5619.0,5757.333333333333,204.9795259546817,1073.0,0.0,476.66666666666674,565.2572423242358,4040501100.3112125,4833337.645774479,2989961.383333333,7779436.065388204,21322140.0,19.0,16720052.0,4115969.909090909,8279394.188269842,16718134.0,21.0,5407423.0,675928.75,1754841.743616684,5005007.0,4.0,0.0,0.0,0.0,0.0,960.0,384.0,4833335.858869675,1.7869048040670457,5619.0,6692.0,5889.454545454546,418.82133107007263,175411.3073593073,0.0,0.0,0.0,0.0,2.0,0.0,0.0,0.0,0.0,8711.833333333334,5757.333333333333,476.66666666666674,1
84,12:38:33,57.0,36.0,0.0,42044.0,0.0,21022.0,21022.0,21022.0,0.0,0.0,0.0,0.0,0.0,13511500000.0,11833333.333333332,57.0,0.0,57.0,57.0,57.0,57.0,0.0,57.0,57.0,0.0,0.0,0.0,0.0,0.0,0.0,0.0,0.0,0.0,1152.0,0.0,11833333.333333332,0.0,21022.0,21022.0,21022.0,0.0,0.0,0.0,0.0,0.0,0.0,0.0,0.0,0.0,0.0,0.0,31533.0,21022.0,0.0,1
85,12:38:34,76.0,46.0,0.0,60572.0,0.0,30286.0,30286.0,30286.0,0.0,0.0,0.0,0.0,0.0,18650200000.0,14400000.0,76.0,0.0,76.0,76.0,76.0,76.0,0.0,76.0,76.0,0.0,0.0,0.0,0.0,0.0,0.0,0.0,0.0,0.0,1472.0,0.0,14399999.999999998,0.0,30286.0,30286.0,30286.0,0.0,0.0,0.0,0.0,0.0,0.0,0.0,0.0,0.0,0.0,0.0,45429.0,30286.0,0.0,1
86,12:38:35,219281.0,28.0,3.0,27068.0,0.0,12887.0,12815.0,12842.0,35.08845964131227,0.0,0.0,0.0,0.0,8330676147.244269,6711097.119514284,44057.3,60023.63026304233,110277.0,224.0,219005.0,43825.8,59964.94040020385,110004.0,34.0,3.0,3.0,0.0,3.0,3.0,0.0,0.0,0.0,0.0,896.0,96.0,6683277.615819036,27819.50369524725,12815.0,12887.0,12838.142857142857,33.61759743263722,1130.1428571428569,0.0,0.0,0.0,0.0,0.0,2.0,2.0,0.0,3.0,19143.166666666668,12842.0,0.0,1
87,12:38:36,217657.0,18.0,3.0,5880.0,0.0,2284.0,2186.0,2235.0,56.580326380583315,0.0,0.0,0.0,0.0,1149025946.9932709,3041610.8955294774,72689.16666666667,125557.14290790824,217640.0,189.0,217387.0,72469.66666666667,125489.96776369552,217373.0,17.0,3.0,3.0,0.0,3.0,3.0,0.0,0.0,0.0,0.0,576.0,96.0,3015891.7555681434,25719.139961333418,2186.0,2284.0,2225.2,53.67681063550628,1500.6,0.0,0.0,0.0,0.0,0.0,2.0,2.0,0.0,3.0,3164.0,2235.0,0.0,1
90,12:38:39,153017.0,44.0,0.0,21566.0,0.0,4870.0,4681.0,4815.5,65.63743388701852,0.0,0.0,0.0,0.0,2491947495.2934422,3667372.5618324196,13921.545454545456,16002.478624508918,32250.0,15.0,153017.0,13921.545454545456,16002.478624508918,32250.0,15.0,0.0,0.0,0.0,0.0,0.0,0.0,0.0,0.0,0.0,1408.0,0.0,3667372.561832419,0.0,4681.0,4870.0,4805.153846153847,73.08082985508369,1780.2692307692305,0.0,0.0,0.0,0.0,0.0,0.0,0.0,0.0,0.0,6714.75,4815.5,0.0,1
93,12:38:42,1182692.0,38.0,3.0,30364.0,0.0,12694.0,12620.0,12656.75,33.66798677279849,0.0,0.0,0.0,0.0,8442673546.982312,8166700.284417569,141892.91666666666,233675.82488544154,464825.0,34.0,1182691.0,227829.16666666666,304950.32185707084,464950.0,33.0,3.0,3.0,0.0,3.0,3.0,0.0,0.0,0.0,0.0,1216.0,96.0,7166694.466218824,1000005.8181987439,12620.0,12694.0,12654.588235294117,33.79544870158076,1142.1323529411768,0.0,0.0,0.0,0.0,0.0,2.0,2.0,0.0,1.0,18825.0,12656.75,0.0,1
94,12:38:43,838865.0,34.0,0.0,29972.0,0.0,12498.0,12424.0,12460.75,33.66798677279849,0.0,0.0,0.0,0.0,8665340214.264141,6666685.740625944,55947.66666666666,61881.27545050241,120794.0,28.0,838865.0,55947.66666666666,61881.27545050241,120794.0,28.0,0.0,0.0,0.0,0.0,0.0,0.0,0.0,0.0,0.0,1088.0,0.0,6666685.740625943,0.0,12424.0,12498.0,12458.588235294117,33.79544870158076,1142.1323529411768,0.0,0.0,0.0,0.0,0.0,0.0,0.0,0.0,0.0,18531.0,12460.75,0.0,1
96,12:38:46,229509.0,30.0,0.0,31692.0,0.0,15199.0,15127.0,15154.0,35.08845964131227,0.0,0.0,0.0,0.0,10536009046.737118,8666692.813305734,45929.0,62928.74025832713,119486.0,37.0,229509.0,45929.0,62928.74025832713,119486.0,37.0,0.0,0.0,0.0,0.0,0.0,0.0,0.0,0.0,0.0,960.0,0.0,8666692.813305732,0.0,15127.0,15199.0,15150.142857142857,33.61759743263722,1130.1428571428569,0.0,0.0,0.0,0.0,0.0,0.0,0.0,0.0,0.0,22611.166666666668,15154.0,0.0,1
97,12:38:47,239273.0,94.0,3.0,118018.0,0.0,58353.0,58255.0,58304.0,56.580326380583315,0.0,0.0,0.0,0.0,39724156942.005226,28946926.743865717,79966.66666666667,137971.40277211394,239257.0,301.0,239020.0,79756.66666666667,137914.834229619,239007.0,131.0,3.0,3.0,0.0,3.0,3.0,0.0,0.0,0.0,0.0,3008.0,96.0,28917682.905960128,29243.83790558418,58255.0,58353.0,58294.2,53.67681063550628,1500.6,0.0,0.0,0.0,0.0,0.0,2.0,2.0,0.0,3.0,87267.5,58304.0,0.0,1
98,12:38:48,94.0,62.0,0.0,89360.0,0.0,44680.0,44680.0,44680.0,0.0,0.0,0.0,0.0,0.0,30522666666.666664,21166666.666666664,94.0,0.0,94.0,94.0,94.0,94.0,0.0,94.0,94.0,0.0,0.0,0.0,0.0,0.0,0.0,0.0,0.0,0.0,1984.0,0.0,21166666.666666664,0.0,44680.0,44680.0,44680.0,0.0,0.0,0.0,0.0,0.0,0.0,0.0,0.0,0.0,0.0,0.0,67020.0,44680.0,0.0,1
99,12:38:49,468498.0,54.0,0.0,56248.0,0.0,26821.0,26651.0,26727.0,91.66878602189558,0.0,0.0,0.0,0.0,17555065951.169807,13900093.018049156,125677.73333333334,201047.51875838853,358968.0,70.0,468498.0,125677.73333333334,201047.51875838853,358968.0,70.0,0.0,0.0,0.0,0.0,0.0,0.0,0.0,0.0,0.0,1728.0,0.0,13900093.018049154,0.0,26651.0,26821.0,26713.342857142856,87.2944080681435,2630.742857142857,0.0,0.0,0.0,0.0,0.0,0.0,0.0,0.0,0.0,39782.166666666664,26727.0,0.0,1
100,12:38:50,347903.0,38.0,0.0,35832.0,0.0,16941.0,16830.0,16876.5,57.60512013970767,0.0,0.0,0.0,0.0,11126187394.156532,9333393.094159242,85537.26666666666,131568.68344997487,237883.0,49.0,347903.0,85537.26666666666,131568.68344997487,237883.0,49.0,0.0,0.0,0.0,0.0,0.0,0.0,0.0,0.0,0.0,1216.0,0.0,9333393.094159242,0.0,16830.0,16941.0,16868.742857142857,54.9787771753387,1586.4428571428568,0.0,0.0,0.0,0.0,0.0,0.0,0.0,0.0,0.0,25103.166666666668,16876.5,0.0,1
101,12:38:51,467878.0,30.0,0.0,20792.0,0.0,9093.0,8923.0,8999.0,91.66878602189558,0.0,0.0,0.0,0.0,4861199342.963171,5000093.181659922,125448.4,200711.67833475754,358380.0,35.0,467878.0,125448.4,200711.67833475754,358380.0,35.0,0.0,0.0,0.0,0.0,0.0,0.0,0.0,0.0,0.0,6584.0,0.0,5000093.181659921,0.0,8923.0,9093.0,8985.342857142858,87.2944080681435,2630.742857142857,0.0,0.0,0.0,0.0,0.0,0.0,0.0,0.0,0.0,13190.166666666666,8999.0,0.0,1
102,12:38:52,16427562.0,95.0,11.0,86450.0,4290.0,41492.0,40836.0,41064.666666666664,317.80363450166817,1073.0,0.0,476.66666666666674,565.2572423242358,26181496495.857517,21066752.94343085,2152200.1000000006,5592806.5733789755,15803703.0,112.0,11425444.0,2788309.651515152,5578964.961206029,11305682.0,114.0,5515544.0,689443.875,1751489.631481601,5002184.0,4.0,0.0,0.0,0.0,0.0,20240.0,384.0,21066751.11908158,1.824349265790262,40836.0,42079.0,41176.61558441559,509.28698099062,180708.4744588745,0.0,0.0,0.0,0.0,2.0,0.0,0.0,0.0,0.0,61351.19047619047,41064.666666666664,476.66666666666674,1
103,12:38:53,19808447.0,108.0,36.0,93284.0,4378.0,45587.0,44880.0,44998.209677419356,198.094799827015,976.0,0.0,128.7647058823529,292.6053354826962,28799346043.419003,22000040.94836484,1874257.9947916665,4668318.80506864,12702741.0,113.0,19808447.0,2886229.85,5874828.383093977,12976963.0,113.0,9306856.0,282028.8484848485,634428.4481219653,2475736.0,4.0,0.0,0.0,0.0,0.0,3504.0,1184.0,22000037.20186912,3.7464957155491536,44880.0,45915.0,45011.6,269.94611326795416,57512.546153846175,0.0,0.0,0.0,0.0,2.0,0.0,0.0,0.0,1.0,67377.16153846154,44998.209677419356,128.76470588235293,1
104,12:38:54,202163.0,30.0,0.0,31050.0,0.0,14840.0,14784.0,14805.666666666666,26.89733567970379,0.0,0.0,0.0,0.0,11021461657.37628,8784343.411266256,40469.4,55350.05016077222,101788.0,48.0,202163.0,40469.4,55350.05016077222,101788.0,48.0,0.0,0.0,0.0,0.0,0.0,0.0,0.0,0.0,0.0,960.0,0.0,8784343.411266256,0.0,14784.0,14840.0,14802.57142857143,25.883438352591032,669.9523809523802,0.0,0.0,0.0,0.0,0.0,0.0,0.0,0.0,0.0,22085.0,14805.666666666666,0.0,1
105,12:38:55,2437763.0,31.0,24.0,11462.0,2834.0,5458.0,5018.0,5085.9047619047615,126.7473489907796,976.0,0.0,118.08333333333331,275.46970427075,4116001747.5123587,4333351.792970926,55415.431818181816,313087.0843584337,2082958.0,13.0,2437763.0,121899.55,478466.1951332749,2152402.0,13.0,2411097.0,104830.3043478261,431905.3655713393,2082946.0,1.0,0.0,0.0,0.0,0.0,1008.0,784.0,4333341.947830876,9.84514004916827,5018.0,5994.0,5110.608695652174,216.2091043679572,46746.37681159419,0.0,0.0,0.0,0.0,1.0,0.0,0.0,0.0,1.0,7621.666666666667,5085.9047619047615,118.08333333333331,1
111,12:39:03,537.0,8.0,6.0,3588.0,0.0,1794.0,1794.0,1794.0,0.0,0.0,0.0,0.0,0.0,983666666.6666667,1255557.1266968325,438.0,132.93607486307093,532.0,344.0,7.0,7.0,0.0,7.0,7.0,5.0,5.0,0.0,5.0,5.0,0.0,0.0,0.0,0.0,256.0,192.0,1200534.9736048263,55022.15309200603,1794.0,1794.0,1794.0,0.0,0.0,0.0,0.0,0.0,0.0,0.0,4.0,4.0,0.0,6.0,2691.0,1794.0,0.0,1
112,12:39:04,306700.0,20.0,0.0,9000.0,0.0,3510.0,3399.0,3445.5,57.60512013970767,0.0,0.0,0.0,0.0,1936024041.285984,3666734.9941523224,75064.26666666666,115195.83286356308,205634.0,20.0,306700.0,75064.26666666666,115195.83286356308,205634.0,20.0,0.0,0.0,0.0,0.0,0.0,0.0,0.0,0.0,0.0,640.0,0.0,3666734.994152322,0.0,3399.0,3510.0,3437.7428571428572,54.9787771753387,1586.4428571428568,0.0,0.0,0.0,0.0,0.0,0.0,0.0,0.0,0.0,4953.75,3445.5,0.0,1
113,12:39:05,305053.0,22.0,0.0,9908.0,0.0,3964.0,3853.0,3899.5,57.60512013970767,0.0,0.0,0.0,0.0,1918357611.9482436,3833402.333997365,74497.93333333332,114195.180937437,203879.0,25.0,305053.0,74497.93333333332,114195.180937437,203879.0,25.0,0.0,0.0,0.0,0.0,0.0,0.0,0.0,0.0,0.0,704.0,0.0,3833402.3339973646,0.0,3853.0,3964.0,3891.7428571428572,54.9787771753387,1586.4428571428568,0.0,0.0,0.0,0.0,0.0,0.0,0.0,0.0,0.0,5634.75,3899.5,0.0,1
114,12:39:06,410064.0,22.0,0.0,9766.0,0.0,3560.0,3390.0,3466.0,91.66878602189558,0.0,0.0,0.0,0.0,1659704903.3416271,2833440.810450187,109265.46666666667,174286.91534275084,307364.0,20.0,410064.0,109265.46666666667,174286.91534275084,307364.0,20.0,0.0,0.0,0.0,0.0,0.0,0.0,0.0,0.0,0.0,464.0,0.0,2833440.810450187,0.0,3390.0,3560.0,3452.342857142857,87.2944080681435,2630.742857142857,0.0,0.0,0.0,0.0,0.0,0.0,0.0,0.0,0.0,4886.5,3466.0,0.0,1
115,12:39:07,411681.0,46.0,0.0,42988.0,0.0,20171.0,20001.0,20077.0,91.66878602189558,0.0,0.0,0.0,0.0,11293638034.897625,9900106.922450626,109804.6,175136.82213459793,308743.0,63.0,411681.0,109804.6,175136.82213459793,308743.0,63.0,0.0,0.0,0.0,0.0,0.0,0.0,0.0,0.0,0.0,920.0,0.0,9900106.922450626,0.0,20001.0,20171.0,20063.342857142856,87.2944080681435,2630.742857142857,0.0,0.0,0.0,0.0,0.0,0.0,0.0,0.0,0.0,29803.0,20077.0,0.0,1
116,12:39:08,407684.0,54.0,0.0,54746.0,0.0,26050.0,25880.0,25956.0,91.66878602189558,0.0,0.0,0.0,0.0,15376871578.50595,13000107.517964449,109003.2,174018.4198273474,306673.0,73.0,407684.0,109003.2,174018.4198273474,306673.0,73.0,0.0,0.0,0.0,0.0,0.0,0.0,0.0,0.0,0.0,1080.0,0.0,13000107.517964447,0.0,25880.0,26050.0,25942.342857142856,87.2944080681435,2630.742857142857,0.0,0.0,0.0,0.0,0.0,0.0,0.0,0.0,0.0,38621.5,25956.0,0.0,1
117,12:39:09,103010.0,32.0,0.0,37810.0,0.0,18572.0,18513.0,18542.5,34.06366588218791,0.0,0.0,0.0,0.0,12052680748.985102,9166705.51444166,34366.0,59442.2516649563,103004.0,47.0,103010.0,34366.0,59442.2516649563,103004.0,47.0,0.0,0.0,0.0,0.0,0.0,0.0,0.0,0.0,0.0,640.0,0.0,9166705.51444166,0.0,18513.0,18572.0,18536.6,32.3156308928048,1044.3,0.0,0.0,0.0,0.0,0.0,0.0,0.0,0.0,0.0,27715.75,18542.5,0.0,1
121,12:39:13,1046994.0,44.0,0.0,28812.0,0.0,11262.0,11090.0,11175.75,90.24831315338182,0.0,0.0,0.0,0.0,6790532840.293734,6833426.045666533,127947.73333333334,187020.59429705646,339127.0,38.0,1046994.0,127947.73333333334,187020.59429705646,339127.0,38.0,0.0,0.0,0.0,0.0,0.0,0.0,0.0,0.0,0.0,880.0,0.0,6833426.045666532,0.0,11090.0,11262.0,11163.788235294118,87.47225933708704,2642.732352941177,0.0,0.0,0.0,0.0,0.0,0.0,0.0,0.0,0.0,16415.0,11175.75,0.0,1
122,12:39:14,839772.0,50.0,0.0,53520.0,0.0,24272.0,24198.0,24234.75,33.66798677279849,0.0,0.0,0.0,0.0,18562850011.351276,12825999.44717107,56076.26666666667,61941.17176974879,121446.0,100.0,839772.0,56076.26666666667,61941.17176974879,121446.0,100.0,0.0,0.0,0.0,0.0,0.0,0.0,0.0,0.0,0.0,1000.0,0.0,12825999.44717107,0.0,24198.0,24272.0,24232.58823529412,33.79544870158076,1142.1323529411768,0.0,0.0,0.0,0.0,0.0,0.0,0.0,0.0,0.0,36192.0,24234.75,0.0,1
123,12:39:15,838127.0,26.0,0.0,17818.0,0.0,6421.0,6347.0,6383.75,33.66798677279849,0.0,0.0,0.0,0.0,5487340220.216398,4333352.42379228,55886.33333333333,61828.47352574548,121040.0,14.0,838127.0,55886.33333333333,61828.47352574548,121040.0,14.0,0.0,0.0,0.0,0.0,0.0,0.0,0.0,0.0,0.0,520.0,0.0,4333352.423792279,0.0,6347.0,6421.0,6381.588235294118,33.79544870158076,1142.1323529411768,0.0,0.0,0.0,0.0,0.0,0.0,0.0,0.0,0.0,9415.5,6383.75,0.0,1
124,12:39:16,1288348.0,40.0,0.0,18328.0,0.0,5373.0,5129.0,5241.75,125.33677279469407,0.0,0.0,0.0,0.0,2514374917.241715,3500118.0055885445,175093.2,251698.20080267978,460041.0,25.0,1288348.0,175093.2,251698.20080267978,460041.0,25.0,0.0,0.0,0.0,0.0,0.0,0.0,0.0,0.0,0.0,800.0,0.0,3500118.005588544,0.0,5129.0,5373.0,5225.931092436975,121.08985676972426,3772.875210084034,0.0,0.0,0.0,0.0,0.0,0.0,0.0,0.0,0.0,7394.166666666667,5241.75,0.0,1
125,12:39:17,26.0,16.0,0.0,19070.0,0.0,9535.0,9535.0,9535.0,0.0,0.0,0.0,0.0,0.0,5899000000.0,5000000.0,26.0,0.0,26.0,26.0,26.0,26.0,0.0,26.0,26.0,0.0,0.0,0.0,0.0,0.0,0.0,0.0,0.0,0.0,320.0,0.0,4999999.999999999,0.0,9535.0,9535.0,9535.0,0.0,0.0,0.0,0.0,0.0,0.0,0.0,0.0,0.0,0.0,0.0,14302.5,9535.0,0.0,1
126,12:39:18,54002021.0,34.0,0.0,47784.0,0.0,19611.0,19611.0,19611.0,0.0,0.0,0.0,0.0,0.0,11560000211.399654,8500000.148142716,7714609.571428571,9621753.736829162,18004038.0,44.0,54002021.0,7714609.571428571,9621753.736829162,18004038.0,44.0,0.0,0.0,0.0,0.0,0.0,0.0,0.0,0.0,0.0,728.0,0.0,8500000.148142714,0.0,19611.0,19611.0,19611.0,0.0,0.0,0.0,0.0,0.0,0.0,0.0,0.0,0.0,0.0,0.0,28881.375,19611.0,0.0,1
127,12:39:19,24.0,16.0,0.0,23552.0,0.0,11776.0,11776.0,11776.0,0.0,0.0,0.0,0.0,0.0,7850666666.666666,5333333.333333333,24.0,0.0,24.0,24.0,24.0,24.0,0.0,24.0,24.0,0.0,0.0,0.0,0.0,0.0,0.0,0.0,0.0,0.0,3224.0,0.0,5333333.333333332,0.0,11776.0,11776.0,11776.0,0.0,0.0,0.0,0.0,0.0,0.0,0.0,0.0,0.0,0.0,0.0,17664.0,11776.0,0.0,1
128,12:39:20,338907.0,20.0,0.0,11054.0,0.0,4552.0,4441.0,4487.5,57.60512013970767,0.0,0.0,0.0,0.0,2429854403.3950396,3333394.084898936,83787.8,129203.41658055127,229866.0,22.0,338907.0,83787.8,129203.41658055127,229866.0,22.0,0.0,0.0,0.0,0.0,0.0,0.0,0.0,0.0,0.0,29440.0,0.0,3333394.0848989356,0.0,4441.0,4552.0,4479.742857142857,54.9787771753387,1586.4428571428568,0.0,0.0,0.0,0.0,0.0,0.0,0.0,0.0,0.0,6519.666666666667,4487.5,0.0,1
131,12:39:24,65.0,28.0,0.0,33600.0,0.0,16800.0,16800.0,16800.0,0.0,0.0,0.0,0.0,0.0,7055466666.666667,6733333.333333333,65.0,0.0,65.0,65.0,65.0,65.0,0.0,65.0,65.0,0.0,0.0,0.0,0.0,0.0,0.0,0.0,0.0,0.0,896.0,0.0,6733333.333333332,0.0,16800.0,16800.0,16800.0,0.0,0.0,0.0,0.0,0.0,0.0,0.0,0.0,0.0,0.0,0.0,25200.0,16800.0,0.0,1
132,12:39:25,109442402.0,24.0,0.0,34872.0,0.0,13191.0,13191.0,13191.0,0.0,0.0,0.0,0.0,0.0,4514133436.766775,3066666.7397645055,15634664.857142854,22720946.23628509,59794183.0,45.0,109442402.0,15634664.857142854,22720946.23628509,59794183.0,45.0,0.0,0.0,0.0,0.0,0.0,0.0,0.0,0.0,0.0,760.0,0.0,3066666.7397645055,0.0,13191.0,13191.0,13191.0,0.0,0.0,0.0,0.0,0.0,0.0,0.0,0.0,0.0,0.0,0.0,19255.875,13191.0,0.0,1
134,12:39:27,517964.0,32.0,5.0,32560.0,0.0,16280.0,16280.0,16280.0,0.0,0.0,0.0,0.0,0.0,10290666666.666666,8539832.992026692,103807.7,231514.11001758074,517877.0,234.0,517674.0,172586.6666666667,298849.2010384725,517668.0,46.0,4.0,4.0,0.0,4.0,4.0,0.0,0.0,0.0,0.0,760.0,136.0,8515064.05895942,24768.933067270937,16280.0,16280.0,16280.0,0.0,0.0,0.0,0.0,0.0,0.0,1.0,2.0,2.0,0.0,3.0,24420.0,16280.0,0.0,1
135,12:39:28,54.0,40.0,0.0,56976.0,0.0,28488.0,28488.0,28488.0,0.0,0.0,0.0,0.0,0.0,21618666666.666664,15333333.333333332,54.0,0.0,54.0,54.0,54.0,54.0,0.0,54.0,54.0,0.0,0.0,0.0,0.0,0.0,0.0,0.0,0.0,0.0,800.0,0.0,15333333.333333332,0.0,28488.0,28488.0,28488.0,0.0,0.0,0.0,0.0,0.0,0.0,0.0,0.0,0.0,0.0,0.0,42732.0,28488.0,0.0,1
136,12:39:29,41.0,26.0,0.0,36368.0,0.0,18184.0,18184.0,18184.0,0.0,0.0,0.0,0.0,0.0,11877333333.333332,8500000.0,41.0,0.0,41.0,41.0,41.0,41.0,0.0,41.0,41.0,0.0,0.0,0.0,0.0,0.0,0.0,0.0,0.0,0.0,520.0,0.0,8499999.999999998,0.0,18184.0,18184.0,18184.0,0.0,0.0,0.0,0.0,0.0,0.0,0.0,0.0,0.0,0.0,0.0,27276.0,18184.0,0.0,1
139,12:39:34,602362.0,22.0,0.0,7728.0,0.0,2242.0,2059.0,2132.5,92.69357978101993,0.0,0.0,0.0,0.0,728695499.4584554,2000083.1865916934,136406.0,201201.14608804527,362431.0,19.0,602362.0,136406.0,201201.14608804527,362431.0,19.0,0.0,0.0,0.0,0.0,0.0,0.0,0.0,0.0,0.0,704.0,0.0,2000083.1865916932,0.0,2059.0,2242.0,2120.8857142857146,88.59637460797592,2716.585714285714,0.0,0.0,0.0,0.0,0.0,0.0,0.0,0.0,0.0,2867.3333333333335,2132.5,0.0,1
141,12:39:38,29.0,20.0,0.0,23728.0,0.0,11864.0,11864.0,11864.0,0.0,0.0,0.0,0.0,0.0,8082666666.666666,7000000.0,29.0,0.0,29.0,29.0,29.0,29.0,0.0,29.0,29.0,0.0,0.0,0.0,0.0,0.0,0.0,0.0,0.0,0.0,640.0,0.0,6999999.999999998,0.0,11864.0,11864.0,11864.0,0.0,0.0,0.0,0.0,0.0,0.0,0.0,0.0,0.0,0.0,0.0,17796.0,11864.0,0.0,1
142,12:39:39,40.0,18.0,0.0,24592.0,0.0,12296.0,12296.0,12296.0,0.0,0.0,0.0,0.0,0.0,8053176470.588235,6117647.05882353,40.0,0.0,40.0,40.0,40.0,40.0,0.0,40.0,40.0,0.0,0.0,0.0,0.0,0.0,0.0,0.0,0.0,0.0,576.0,0.0,6117647.058823529,0.0,12296.0,12296.0,12296.0,0.0,0.0,0.0,0.0,0.0,0.0,0.0,0.0,0.0,0.0,0.0,18444.0,12296.0,0.0,1
143,12:39:40,22.0,14.0,0.0,20608.0,0.0,10304.0,10304.0,10304.0,0.0,0.0,0.0,0.0,0.0,6624000000.0,4500000.0,22.0,0.0,22.0,22.0,22.0,22.0,0.0,22.0,22.0,0.0,0.0,0.0,0.0,0.0,0.0,0.0,0.0,0.0,448.0,0.0,4499999.999999999,0.0,10304.0,10304.0,10304.0,0.0,0.0,0.0,0.0,0.0,0.0,0.0,0.0,0.0,0.0,0.0,15456.0,10304.0,0.0,1
148,12:39:49,69666002.0,51.0,34.0,10514.0,4378.0,2696.0,1904.0,2046.7096774193549,234.20805322745164,976.0,0.0,128.7647058823529,292.6053354826962,613354763.7630769,1666732.4122807053,20160876.132291663,35109599.05709118,62420354.0,12.0,69666002.0,20328463.566666663,35387185.34491904,62694960.0,12.0,9214868.0,279238.42424242425,639178.2388099988,2420180.0,1.0,0.0,0.0,0.0,0.0,1664.0,1104.0,1666728.819628693,3.592652012239109,1904.0,3024.0,2058.2857142857147,304.8656772404238,58728.53186813189,0.0,0.0,0.0,0.0,1.0,0.0,0.0,0.0,1.0,2673.6615384615384,2046.7096774193549,128.76470588235293,1
149,12:39:50,409430.0,22.0,0.0,7996.0,0.0,2675.0,2505.0,2581.0,91.66878602189558,0.0,0.0,0.0,0.0,1140704987.3785424,3000107.7114626206,109058.93333333332,173938.42750007837,306735.0,20.0,409430.0,109058.93333333332,173938.42750007837,306735.0,20.0,0.0,0.0,0.0,0.0,0.0,0.0,0.0,0.0,0.0,720.0,0.0,3000107.71146262,0.0,2505.0,2675.0,2567.342857142857,87.2944080681435,2630.742857142857,0.0,0.0,0.0,0.0,0.0,0.0,0.0,0.0,0.0,3559.0,2581.0,0.0,1
150,12:39:51,407799.0,22.0,0.0,8066.0,0.0,2710.0,2540.0,2616.0,91.66878602189558,0.0,0.0,0.0,0.0,972038385.5826553,2500107.918143578,108750.06666666668,173531.94084495638,306825.0,22.0,407799.0,108750.06666666668,173531.94084495638,306825.0,22.0,0.0,0.0,0.0,0.0,0.0,0.0,0.0,0.0,0.0,704.0,0.0,2500107.9181435774,0.0,2540.0,2710.0,2602.342857142857,87.2944080681435,2630.742857142857,0.0,0.0,0.0,0.0,0.0,0.0,0.0,0.0,0.0,3611.5,2616.0,0.0,1
151,12:39:52,405858.0,40.0,0.0,34444.0,0.0,15899.0,15729.0,15805.0,91.66878602189558,0.0,0.0,0.0,0.0,8452171994.635735,7733442.011750618,108123.86666666665,172392.1343862573,304686.0,53.0,405858.0,108123.86666666665,172392.1343862573,304686.0,53.0,0.0,0.0,0.0,0.0,0.0,0.0,0.0,0.0,0.0,1280.0,0.0,7733442.011750617,0.0,15729.0,15899.0,15791.342857142858,87.2944080681435,2630.742857142857,0.0,0.0,0.0,0.0,0.0,0.0,0.0,0.0,0.0,23395.0,15805.0,0.0,1
152,12:39:53,407857.0,50.0,0.0,49164.0,0.0,23259.0,23089.0,23165.0,91.66878602189558,0.0,0.0,0.0,0.0,15714038391.620647,12666774.580312096,108793.4,173537.4621389032,306777.0,60.0,407857.0,108793.4,173537.4621389032,306777.0,60.0,0.0,0.0,0.0,0.0,0.0,0.0,0.0,0.0,0.0,1000.0,0.0,12666774.580312094,0.0,23089.0,23259.0,23151.342857142856,87.2944080681435,2630.742857142857,0.0,0.0,0.0,0.0,0.0,0.0,0.0,0.0,0.0,34435.0,23165.0,0.0,1
153,12:39:54,398039.0,30.0,0.0,19724.0,0.0,8539.0,8369.0,8445.0,91.66878602189558,0.0,0.0,0.0,0.0,5802572947.578734,5733444.71678262,105771.66666666666,168496.03592644108,297069.0,33.0,398039.0,105771.66666666666,168496.03592644108,297069.0,33.0,0.0,0.0,0.0,0.0,0.0,0.0,0.0,0.0,0.0,600.0,0.0,5733444.71678262,0.0,8369.0,8539.0,8431.342857142858,87.2944080681435,2630.742857142857,0.0,0.0,0.0,0.0,0.0,0.0,0.0,0.0,0.0,12355.0,8445.0,0.0,1
154,12:39:55,404058.0,22.0,0.0,7948.0,0.0,2651.0,2481.0,2557.0,91.66878602189558,0.0,0.0,0.0,0.0,801038731.2717277,2166775.54532188,107771.06666666665,171971.99055419024,303083.0,24.0,404058.0,107771.06666666665,171971.99055419024,303083.0,24.0,0.0,0.0,0.0,0.0,0.0,0.0,0.0,0.0,0.0,464.0,0.0,2166775.5453218794,0.0,2481.0,2651.0,2543.342857142857,87.2944080681435,2630.742857142857,0.0,0.0,0.0,0.0,0.0,0.0,0.0,0.0,0.0,3523.0,2557.0,0.0,1
155,12:39:56,308957.0,24.0,0.0,8810.0,0.0,3415.0,3304.0,3350.5,57.60512013970767,0.0,0.0,0.0,0.0,1709190585.5137208,4500067.978844045,75537.53333333333,115844.47304422365,205985.0,28.0,308957.0,75537.53333333333,115844.47304422365,205985.0,28.0,0.0,0.0,0.0,0.0,0.0,0.0,0.0,0.0,0.0,768.0,0.0,4500067.978844044,0.0,3304.0,3415.0,3342.7428571428572,54.9787771753387,1586.4428571428568,0.0,0.0,0.0,0.0,0.0,0.0,0.0,0.0,0.0,4811.25,3350.5,0.0,1
156,12:39:57,407438.0,30.0,0.0,11054.0,0.0,4204.0,4034.0,4110.0,91.66878602189558,0.0,0.0,0.0,0.0,1901205089.0328164,5000108.022781604,108661.33333333334,173366.57738917918,306221.0,35.0,407438.0,108661.33333333334,173366.57738917918,306221.0,35.0,0.0,0.0,0.0,0.0,0.0,0.0,0.0,0.0,0.0,960.0,0.0,5000108.022781603,0.0,4034.0,4204.0,4096.342857142858,87.2944080681435,2630.742857142857,0.0,0.0,0.0,0.0,0.0,0.0,0.0,0.0,0.0,5852.5,4110.0,0.0,1
157,12:39:58,680579.0,37.0,2.0,22810.0,0.0,10082.0,9912.0,9988.0,91.66878602189558,0.0,0.0,0.0,0.0,6193371380.767812,6166799.645934502,154582.76666666666,284843.9070277416,577448.0,37.0,680579.0,176997.01666666666,309576.6092025262,577560.0,37.0,3.0,3.0,0.0,3.0,3.0,0.0,0.0,0.0,0.0,1184.0,64.0,6166792.210188639,7.43574586107796,9912.0,10082.0,9974.342857142858,87.2944080681435,2630.742857142857,0.0,0.0,0.0,0.0,0.0,1.0,1.0,0.0,0.0,14669.5,9988.0,0.0,1
